<Nodes version="2">
  <NodeInfo name="Calculate Discount" type="DRD" />
  <NodeInfo name="Decision170" type="Decision">
    <Label>
      <Text>Car Condition
Discount Percentage</Text>
      <Font>
        <Name>Microsoft Sans Serif</Name>
        <Style>Regular</Style>
        <Size>9</Size>
      </Font>
      <Size>
        <Width>21.99375</Width>
        <Height>11.99583</Height>
      </Size>
      <Location>
        <X>110.298</X>
        <Y>51.7687</Y>
      </Location>
      <Alignment>
        <Vertical>Center</Vertical>
        <Horizontal>Center</Horizontal>
      </Alignment>
    </Label>
    <Image></Image>
    <ImageAlign>Center</ImageAlign>
    <FillColorFrom>-7876870</FillColorFrom>
    <FillColorTo>-7876870</FillColorTo>
    <Border>
      <Color>-16777216</Color>
      <Width>0.3</Width>
    </Border>
    <Location>
      <X>107.8271</X>
      <Y>51.7687</Y>
    </Location>
    <Size>
      <Width>26.28333</Width>
      <Height>12.525</Height>
    </Size>
  </NodeInfo>
  <NodeInfo name="Decision171" type="Decision">
    <Label>
      <Text>Market
Segment Discount</Text>
      <Font>
        <Name>Microsoft Sans Serif</Name>
        <Style>Regular</Style>
        <Size>9</Size>
      </Font>
      <Size>
        <Width>20</Width>
        <Height>12.78958</Height>
      </Size>
      <Location>
        <X>153.5667</X>
        <Y>51.37183</Y>
      </Location>
      <Alignment>
        <Vertical>Center</Vertical>
        <Horizontal>Center</Horizontal>
      </Alignment>
    </Label>
    <Image></Image>
    <ImageAlign>Center</ImageAlign>
    <FillColorFrom>-7876870</FillColorFrom>
    <FillColorTo>-7876870</FillColorTo>
    <Border>
      <Color>-16777216</Color>
      <Width>0.3</Width>
    </Border>
    <Location>
      <X>150.9542</X>
      <Y>51.37183</Y>
    </Location>
    <Size>
      <Width>25.22501</Width>
      <Height>13.31875</Height>
    </Size>
  </NodeInfo>
  <NodeInfo name="Car" type="InputData">
    <Label>
      <Text>Car</Text>
      <Font>
        <Name>Microsoft Sans Serif</Name>
        <Style>Regular</Style>
        <Size>9</Size>
      </Font>
      <Size>
        <Width>20</Width>
        <Height>10</Height>
      </Size>
      <Location>
        <X>76.42081</X>
        <Y>43.34792</Y>
      </Location>
      <Alignment>
        <Vertical>Center</Vertical>
        <Horizontal>Center</Horizontal>
      </Alignment>
    </Label>
    <Image></Image>
    <ImageAlign>Center</ImageAlign>
    <FillColorFrom>-2572328</FillColorFrom>
    <FillColorTo>-2572328</FillColorTo>
    <Border>
      <Color>-16777216</Color>
      <Width>0.3</Width>
    </Border>
    <Location>
      <X>76.42081</X>
      <Y>43.34792</Y>
    </Location>
    <Size>
      <Width>20</Width>
      <Height>10</Height>
    </Size>
  </NodeInfo>
  <NodeInfo name="Eligibility" type="InputData">
    <Label>
      <Text>Eligibility</Text>
      <Font>
        <Name>Microsoft Sans Serif</Name>
        <Style>Regular</Style>
        <Size>9</Size>
      </Font>
      <Size>
        <Width>20</Width>
        <Height>10</Height>
      </Size>
      <Location>
        <X>76.42081</X>
        <Y>59.99059</Y>
      </Location>
      <Alignment>
        <Vertical>Center</Vertical>
        <Horizontal>Center</Horizontal>
      </Alignment>
    </Label>
    <Image></Image>
    <ImageAlign>Center</ImageAlign>
    <FillColorFrom>-2572328</FillColorFrom>
    <FillColorTo>-2572328</FillColorTo>
    <Border>
      <Color>-16777216</Color>
      <Width>0.3</Width>
    </Border>
    <Location>
      <X>76.42081</X>
      <Y>59.99059</Y>
    </Location>
    <Size>
      <Width>20</Width>
      <Height>10</Height>
    </Size>
  </NodeInfo>
  <NodeInfo name="Decision59" type="Decision">
    <Label>
      <Text>Discount
Component</Text>
      <Font>
        <Name>Microsoft Sans Serif</Name>
        <Style>Regular</Style>
        <Size>9</Size>
      </Font>
      <Size>
        <Width>20.00001</Width>
        <Height>10</Height>
      </Size>
      <Location>
        <X>130.2833</X>
        <Y>29.6354</Y>
      </Location>
      <Alignment>
        <Vertical>Center</Vertical>
        <Horizontal>Center</Horizontal>
      </Alignment>
    </Label>
    <Image></Image>
    <ImageAlign>Center</ImageAlign>
    <FillColorFrom>-7876870</FillColorFrom>
    <FillColorTo>-7876870</FillColorTo>
    <Border>
      <Color>-16777216</Color>
      <Width>0.3</Width>
    </Border>
    <Location>
      <X>127.1417</X>
      <Y>29.6354</Y>
    </Location>
    <Size>
      <Width>26.28333</Width>
      <Height>12.525</Height>
    </Size>
  </NodeInfo>
  <NodeInfo name="ClientSegment" type="InputData">
    <Label>
      <Text>Client
Segment</Text>
      <Font>
        <Name>Microsoft Sans Serif</Name>
        <Style>Regular</Style>
        <Size>9</Size>
      </Font>
      <Size>
        <Width>20</Width>
        <Height>10</Height>
      </Size>
      <Location>
        <X>188.6041</X>
        <Y>53.0312</Y>
      </Location>
      <Alignment>
        <Vertical>Center</Vertical>
        <Horizontal>Center</Horizontal>
      </Alignment>
    </Label>
    <Image></Image>
    <ImageAlign>Center</ImageAlign>
    <FillColorFrom>-2572328</FillColorFrom>
    <FillColorTo>-2572328</FillColorTo>
    <Border>
      <Color>-16777216</Color>
      <Width>0.3</Width>
    </Border>
    <Location>
      <X>188.6041</X>
      <Y>53.0312</Y>
    </Location>
    <Size>
      <Width>20</Width>
      <Height>10</Height>
    </Size>
  </NodeInfo>
  <NodeInfo name="Transition60" type="Transition">
    <Label>
      <Text></Text>
      <Font>
        <Name>Microsoft Sans Serif</Name>
        <Style>Regular</Style>
        <Size>9</Size>
      </Font>
    </Label>
    <FillColorFrom>-9868951</FillColorFrom>
    <FillColorTo>-9868951</FillColorTo>
    <Border>
      <Color>-16777216</Color>
      <Width>0.3</Width>
    </Border>
    <Location>
      <X>126.1337</X>
      <Y>41.86039</Y>
    </Location>
    <Size>
      <Width>8.984711</Width>
      <Height>10.20831</Height>
    </Size>
    <Shape>Polyline</Shape>
    <SegmentCount>1</SegmentCount>
    <Anchors>
      <Origin>-1</Origin>
      <Destination>-1</Destination>
    </Anchors>
    <Head>Triangle</Head>
    <Pen>0/#FF000000/0.3/0/0//0/0/10/</Pen>
    <Points>
      <Point>
        <X>126.4337</X>
        <Y>51.7687</Y>
      </Point>
      <Point>
        <X>134.8184</X>
        <Y>42.16039</Y>
      </Point>
      <Start>
        <X>126.4337</X>
        <Y>51.7687</Y>
      </Start>
      <End>
        <X>134.8184</X>
        <Y>42.16039</Y>
      </End>
    </Points>
  </NodeInfo>
  <NodeInfo name="Transition195" type="Transition">
    <Label>
      <Text></Text>
      <Font>
        <Name>Microsoft Sans Serif</Name>
        <Style>Regular</Style>
        <Size>9</Size>
      </Font>
    </Label>
    <FillColorFrom>-9868951</FillColorFrom>
    <FillColorTo>-9868951</FillColorTo>
    <Border>
      <Color>-16777216</Color>
      <Width>0.3</Width>
    </Border>
    <Location>
      <X>146.5712</X>
      <Y>41.86039</Y>
    </Location>
    <Size>
      <Width>10.2901</Width>
      <Height>9.81144</Height>
    </Size>
    <Shape>Polyline</Shape>
    <SegmentCount>1</SegmentCount>
    <Anchors>
      <Origin>-1</Origin>
      <Destination>-1</Destination>
    </Anchors>
    <Head>Triangle</Head>
    <Pen>0/#FF000000/0.3/0/0//0/0/10/</Pen>
    <Points>
      <Point>
        <X>156.5613</X>
        <Y>51.37183</Y>
      </Point>
      <Point>
        <X>146.8712</X>
        <Y>42.16039</Y>
      </Point>
      <Start>
        <X>156.5613</X>
        <Y>51.37183</Y>
      </Start>
      <End>
        <X>146.8712</X>
        <Y>42.16039</Y>
      </End>
    </Points>
  </NodeInfo>
  <NodeInfo name="Transition242" type="Transition">
    <Label>
      <Text></Text>
      <Font>
        <Name>Microsoft Sans Serif</Name>
        <Style>Regular</Style>
        <Size>9</Size>
      </Font>
    </Label>
    <FillColorFrom>-9868951</FillColorFrom>
    <FillColorTo>-9868951</FillColorTo>
    <Border>
      <Color>-16777216</Color>
      <Width>0.3</Width>
    </Border>
    <Location>
      <X>95.38768</X>
      <Y>50.64553</Y>
    </Location>
    <Size>
      <Width>12.73943</Width>
      <Height>4.002327</Height>
    </Size>
    <Shape>Polyline</Shape>
    <SegmentCount>1</SegmentCount>
    <Anchors>
      <Origin>-1</Origin>
      <Destination>-1</Destination>
    </Anchors>
    <Head>Triangle</Head>
    <Pen>0/#FF000000/0.3/0/0//0/0/10/</Pen>
    <Points>
      <Point>
        <X>95.68768</X>
        <Y>50.94553</Y>
      </Point>
      <Point>
        <X>107.8271</X>
        <Y>54.34786</Y>
      </Point>
      <Start>
        <X>95.68768</X>
        <Y>50.94553</Y>
      </Start>
      <End>
        <X>107.8271</X>
        <Y>54.34786</Y>
      </End>
    </Points>
  </NodeInfo>
  <NodeInfo name="Transition243" type="Transition">
    <Label>
      <Text></Text>
      <Font>
        <Name>Microsoft Sans Serif</Name>
        <Style>Regular</Style>
        <Size>9</Size>
      </Font>
    </Label>
    <FillColorFrom>-9868951</FillColorFrom>
    <FillColorTo>-9868951</FillColorTo>
    <Border>
      <Color>-16777216</Color>
      <Width>0.3</Width>
    </Border>
    <Location>
      <X>95.74657</X>
      <Y>60.37855</Y>
    </Location>
    <Size>
      <Width>12.38053</Width>
      <Height>2.973019</Height>
    </Size>
    <Shape>Polyline</Shape>
    <SegmentCount>1</SegmentCount>
    <Anchors>
      <Origin>-1</Origin>
      <Destination>-1</Destination>
    </Anchors>
    <Head>Triangle</Head>
    <Pen>0/#FF000000/0.3/0/0//0/0/10/</Pen>
    <Points>
      <Point>
        <X>96.04658</X>
        <Y>63.05157</Y>
      </Point>
      <Point>
        <X>107.8271</X>
        <Y>60.67855</Y>
      </Point>
      <Start>
        <X>96.04658</X>
        <Y>63.05157</Y>
      </Start>
      <End>
        <X>107.8271</X>
        <Y>60.67855</Y>
      </End>
    </Points>
  </NodeInfo>
  <NodeInfo name="Transition248" type="Transition">
    <Label>
      <Text></Text>
      <Font>
        <Name>Microsoft Sans Serif</Name>
        <Style>Regular</Style>
        <Size>9</Size>
      </Font>
    </Label>
    <FillColorFrom>-9868951</FillColorFrom>
    <FillColorTo>-9868951</FillColorTo>
    <Border>
      <Color>-16777216</Color>
      <Width>0.3</Width>
    </Border>
    <Location>
      <X>175.8792</X>
      <Y>57.73156</Y>
    </Location>
    <Size>
      <Width>13.0522</Width>
      <Height>0.6004295</Height>
    </Size>
    <Shape>Polyline</Shape>
    <SegmentCount>1</SegmentCount>
    <Anchors>
      <Origin>-1</Origin>
      <Destination>-1</Destination>
    </Anchors>
    <Head>Triangle</Head>
    <Pen>0/#FF000000/0.3/0/0//0/0/10/</Pen>
    <Points>
      <Point>
        <X>188.6314</X>
        <Y>58.03156</Y>
      </Point>
      <Point>
        <X>176.1792</X>
        <Y>58.03199</Y>
      </Point>
      <Start>
        <X>188.6314</X>
        <Y>58.03156</Y>
      </Start>
      <End>
        <X>176.1792</X>
        <Y>58.03199</Y>
      </End>
    </Points>
  </NodeInfo>
</Nodes>