<DRD name="Calculate Premium">
  <Declaration>
    <Define name="Premium" type="Premium" assembly="Glossaries\Concept.xml" direction="Local" />
  </Declaration>
  <Nodes>
    <Decision name="Decision265" uri="Logic Documents\Calculate Auto Premium.xml" contextMode="Shared" type="Table">
      <Transition name="Transition268" to="Decision267" relationType="Information" />
    </Decision>
    <Decision name="Decision266" uri="Logic Documents\Driver Premium.xml" contextMode="Shared" type="Table">
      <Transition name="Transition269" to="Decision267" relationType="Information" />
    </Decision>
    <Decision name="Decision267">
      <Transition name="Transition253" to="SubDrd77" relationType="Information" />
    </Decision>
    <InputData name="Car" isOutput="False" type="Car" assembly="Glossaries\InputFact.xml">
      <Transition name="Transition166" to="Decision267" relationType="Information" />
    </InputData>
    <InputData name="Driver" isOutput="False" type="Driver" assembly="Glossaries\InputFact.xml">
      <Transition name="Transition168" to="Decision267" relationType="Information" />
    </InputData>
    <SubDrd name="SubDrd77" uri="Logic Documents\Calculate Discount.xml" contextMode="Shared">
      <Transition name="Transition254" to="Decision78" relationType="Information" />
    </SubDrd>
    <Decision name="Decision78" />
    <InputData name="Eligibility" isOutput="False" type="Eligibility" assembly="Glossaries\Concept.xml">
      <Transition name="Transition386" to="Decision267" relationType="Information" />
    </InputData>
    <InputData name="ClientSegment" isOutput="False" type="string">
      <Transition name="Transition437" to="SubDrd77" relationType="Information" />
    </InputData>
  </Nodes>
</DRD>