<Nodes version="2">
  <NodeInfo name="Calculate Premium" type="DRD" />
  <NodeInfo name="Decision265" type="Decision">
    <Label>
      <Text>Calculate Auto Premium For Car</Text>
      <Font>
        <Name>Microsoft Sans Serif</Name>
        <Style>Regular</Style>
        <Size>9</Size>
      </Font>
      <Size>
        <Width>21.42292</Width>
        <Height>15.31874</Height>
      </Size>
      <Location>
        <X>44.55833</X>
        <Y>92.27084</Y>
      </Location>
      <Alignment>
        <Vertical>Center</Vertical>
        <Horizontal>Center</Horizontal>
      </Alignment>
    </Label>
    <Image></Image>
    <ImageAlign>Center</ImageAlign>
    <FillColorFrom>-7876870</FillColorFrom>
    <FillColorTo>-7876870</FillColorTo>
    <Border>
      <Color>-16777216</Color>
      <Width>0.3</Width>
    </Border>
    <Location>
      <X>42.95415</X>
      <Y>92.27084</Y>
    </Location>
    <Size>
      <Width>26.05417</Width>
      <Height>15.58332</Height>
    </Size>
  </NodeInfo>
  <NodeInfo name="Decision266" type="Decision">
    <Label>
      <Text>Calcuate Auto Premium for Driver</Text>
      <Font>
        <Name>Microsoft Sans Serif</Name>
        <Style>Regular</Style>
        <Size>9</Size>
      </Font>
      <Size>
        <Width>25.4</Width>
        <Height>14.26041</Height>
      </Size>
      <Location>
        <X>83.03124</X>
        <Y>92.27084</Y>
      </Location>
      <Alignment>
        <Vertical>Center</Vertical>
        <Horizontal>Center</Horizontal>
      </Alignment>
    </Label>
    <Image></Image>
    <ImageAlign>Center</ImageAlign>
    <FillColorFrom>-7876870</FillColorFrom>
    <FillColorTo>-7876870</FillColorTo>
    <Border>
      <Color>-16777216</Color>
      <Width>0.3</Width>
    </Border>
    <Location>
      <X>82.24167</X>
      <Y>92.27084</Y>
    </Location>
    <Size>
      <Width>26.05417</Width>
      <Height>15.58332</Height>
    </Size>
  </NodeInfo>
  <NodeInfo name="Decision267" type="Decision">
    <Label>
      <Text>Auto Premium</Text>
      <Font>
        <Name>Microsoft Sans Serif</Name>
        <Style>Regular</Style>
        <Size>9</Size>
      </Font>
      <Size>
        <Width>22.80834</Width>
        <Height>10.71875</Height>
      </Size>
      <Location>
        <X>62.57082</X>
        <Y>64.0625</Y>
      </Location>
      <Alignment>
        <Vertical>Center</Vertical>
        <Horizontal>Center</Horizontal>
      </Alignment>
    </Label>
    <Image></Image>
    <ImageAlign>Center</ImageAlign>
    <FillColorFrom>-7876870</FillColorFrom>
    <FillColorTo>-7876870</FillColorTo>
    <Border>
      <Color>-16777216</Color>
      <Width>0.3</Width>
    </Border>
    <Location>
      <X>60.24374</X>
      <Y>64.59167</Y>
    </Location>
    <Size>
      <Width>26.24165</Width>
      <Height>10.91665</Height>
    </Size>
  </NodeInfo>
  <NodeInfo name="Car" type="InputData">
    <Label>
      <Text>Car</Text>
      <Font>
        <Name>Microsoft Sans Serif</Name>
        <Style>Regular</Style>
        <Size>9</Size>
      </Font>
      <Size>
        <Width>20</Width>
        <Height>10</Height>
      </Size>
      <Location>
        <X>12.03334</X>
        <Y>46.52915</Y>
      </Location>
      <Alignment>
        <Vertical>Center</Vertical>
        <Horizontal>Center</Horizontal>
      </Alignment>
    </Label>
    <Image></Image>
    <ImageAlign>Center</ImageAlign>
    <FillColorFrom>-2572328</FillColorFrom>
    <FillColorTo>-2572328</FillColorTo>
    <Border>
      <Color>-16777216</Color>
      <Width>0.3</Width>
    </Border>
    <Location>
      <X>12.03334</X>
      <Y>46.52915</Y>
    </Location>
    <Size>
      <Width>20</Width>
      <Height>10</Height>
    </Size>
  </NodeInfo>
  <NodeInfo name="Driver" type="InputData">
    <Label>
      <Text>Driver</Text>
      <Font>
        <Name>Microsoft Sans Serif</Name>
        <Style>Regular</Style>
        <Size>9</Size>
      </Font>
      <Size>
        <Width>20</Width>
        <Height>10</Height>
      </Size>
      <Location>
        <X>12.03334</X>
        <Y>62.40415</Y>
      </Location>
      <Alignment>
        <Vertical>Center</Vertical>
        <Horizontal>Center</Horizontal>
      </Alignment>
    </Label>
    <Image></Image>
    <ImageAlign>Center</ImageAlign>
    <FillColorFrom>-2572328</FillColorFrom>
    <FillColorTo>-2572328</FillColorTo>
    <Border>
      <Color>-16777216</Color>
      <Width>0.3</Width>
    </Border>
    <Location>
      <X>12.03334</X>
      <Y>62.40415</Y>
    </Location>
    <Size>
      <Width>20</Width>
      <Height>10</Height>
    </Size>
  </NodeInfo>
  <NodeInfo name="SubDrd77" type="SubDrd">
    <Label>
      <Text>Determine
Discount Component</Text>
      <Font>
        <Name>Microsoft Sans Serif</Name>
        <Style>Regular</Style>
        <Size>9</Size>
      </Font>
      <Size>
        <Width>23.01875</Width>
        <Height>11.1875</Height>
      </Size>
      <Location>
        <X>61.91041</X>
        <Y>41.13124</Y>
      </Location>
      <Alignment>
        <Vertical>Center</Vertical>
        <Horizontal>Center</Horizontal>
      </Alignment>
    </Label>
    <Image></Image>
    <ImageAlign>Center</ImageAlign>
    <FillColorFrom>-2624513</FillColorFrom>
    <FillColorTo>-2624513</FillColorTo>
    <Border>
      <Color>-16777216</Color>
      <Width>0.3</Width>
    </Border>
    <Location>
      <X>60.4875</X>
      <Y>39.67291</Y>
    </Location>
    <Size>
      <Width>25.75415</Width>
      <Height>13.18333</Height>
    </Size>
  </NodeInfo>
  <NodeInfo name="Decision78" type="Decision">
    <Label>
      <Text>Calculate
Premium 
Amount</Text>
      <Font>
        <Name>Microsoft Sans Serif</Name>
        <Style>Regular</Style>
        <Size>9</Size>
      </Font>
      <Size>
        <Width>25.92916</Width>
        <Height>12.04167</Height>
      </Size>
      <Location>
        <X>61.38124</X>
        <Y>19.16458</Y>
      </Location>
      <Alignment>
        <Vertical>Center</Vertical>
        <Horizontal>Center</Horizontal>
      </Alignment>
    </Label>
    <Image></Image>
    <ImageAlign>Center</ImageAlign>
    <FillColorFrom>-7876870</FillColorFrom>
    <FillColorTo>-7876870</FillColorTo>
    <Border>
      <Color>-16777216</Color>
      <Width>0.3</Width>
    </Border>
    <Location>
      <X>60.4875</X>
      <Y>19.95833</Y>
    </Location>
    <Size>
      <Width>25.75415</Width>
      <Height>11.99583</Height>
    </Size>
  </NodeInfo>
  <NodeInfo name="Eligibility" type="InputData">
    <Label>
      <Text>Eligibility</Text>
      <Font>
        <Name>Microsoft Sans Serif</Name>
        <Style>Regular</Style>
        <Size>9</Size>
      </Font>
      <Size>
        <Width>20</Width>
        <Height>10</Height>
      </Size>
      <Location>
        <X>12.03334</X>
        <Y>81.1229</Y>
      </Location>
      <Alignment>
        <Vertical>Center</Vertical>
        <Horizontal>Center</Horizontal>
      </Alignment>
    </Label>
    <Image></Image>
    <ImageAlign>Center</ImageAlign>
    <FillColorFrom>-2572328</FillColorFrom>
    <FillColorTo>-2572328</FillColorTo>
    <Border>
      <Color>-16777216</Color>
      <Width>0.3</Width>
    </Border>
    <Location>
      <X>12.03334</X>
      <Y>81.1229</Y>
    </Location>
    <Size>
      <Width>20</Width>
      <Height>10</Height>
    </Size>
  </NodeInfo>
  <NodeInfo name="ClientSegment" type="InputData">
    <Label>
      <Text>Client
Segment</Text>
      <Font>
        <Name>Microsoft Sans Serif</Name>
        <Style>Regular</Style>
        <Size>9</Size>
      </Font>
      <Size>
        <Width>20</Width>
        <Height>10</Height>
      </Size>
      <Location>
        <X>107.5479</X>
        <Y>41.85832</Y>
      </Location>
      <Alignment>
        <Vertical>Center</Vertical>
        <Horizontal>Center</Horizontal>
      </Alignment>
    </Label>
    <Image></Image>
    <ImageAlign>Center</ImageAlign>
    <FillColorFrom>-2572328</FillColorFrom>
    <FillColorTo>-2572328</FillColorTo>
    <Border>
      <Color>-16777216</Color>
      <Width>0.3</Width>
    </Border>
    <Location>
      <X>107.5479</X>
      <Y>41.85832</Y>
    </Location>
    <Size>
      <Width>20</Width>
      <Height>10</Height>
    </Size>
  </NodeInfo>
  <NodeInfo name="Transition268" type="Transition">
    <Label>
      <Text></Text>
      <Font>
        <Name>Microsoft Sans Serif</Name>
        <Style>Regular</Style>
        <Size>9</Size>
      </Font>
    </Label>
    <FillColorFrom>-9868951</FillColorFrom>
    <FillColorTo>-9868951</FillColorTo>
    <Border>
      <Color>-16777216</Color>
      <Width>0.3</Width>
    </Border>
    <Location>
      <X>60.19416</X>
      <Y>75.20832</Y>
    </Location>
    <Size>
      <Width>10.30885</Width>
      <Height>17.36253</Height>
    </Size>
    <Shape>Polyline</Shape>
    <SegmentCount>1</SegmentCount>
    <Anchors>
      <Origin>-1</Origin>
      <Destination>-1</Destination>
    </Anchors>
    <Head>Triangle</Head>
    <Pen>0/#FF000000/0.3/0/0//0/0/10/</Pen>
    <Points>
      <Point>
        <X>60.49416</X>
        <Y>92.27084</Y>
      </Point>
      <Point>
        <X>70.203</X>
        <Y>75.50832</Y>
      </Point>
      <Start>
        <X>60.49416</X>
        <Y>92.27084</Y>
      </Start>
      <End>
        <X>70.203</X>
        <Y>75.50832</Y>
      </End>
    </Points>
  </NodeInfo>
  <NodeInfo name="Transition269" type="Transition">
    <Label>
      <Text></Text>
      <Font>
        <Name>Microsoft Sans Serif</Name>
        <Style>Regular</Style>
        <Size>9</Size>
      </Font>
    </Label>
    <FillColorFrom>-9868951</FillColorFrom>
    <FillColorTo>-9868951</FillColorTo>
    <Border>
      <Color>-16777216</Color>
      <Width>0.3</Width>
    </Border>
    <Location>
      <X>77.04816</X>
      <Y>75.20832</Y>
    </Location>
    <Size>
      <Width>12.83394</Width>
      <Height>17.36253</Height>
    </Size>
    <Shape>Polyline</Shape>
    <SegmentCount>1</SegmentCount>
    <Anchors>
      <Origin>-1</Origin>
      <Destination>-1</Destination>
    </Anchors>
    <Head>Triangle</Head>
    <Pen>0/#FF000000/0.3/0/0//0/0/10/</Pen>
    <Points>
      <Point>
        <X>89.5821</X>
        <Y>92.27084</Y>
      </Point>
      <Point>
        <X>77.34817</X>
        <Y>75.50832</Y>
      </Point>
      <Start>
        <X>89.5821</X>
        <Y>92.27084</Y>
      </Start>
      <End>
        <X>77.34817</X>
        <Y>75.50832</Y>
      </End>
    </Points>
  </NodeInfo>
  <NodeInfo name="Transition253" type="Transition">
    <Label>
      <Text></Text>
      <Font>
        <Name>Microsoft Sans Serif</Name>
        <Style>Regular</Style>
        <Size>9</Size>
      </Font>
    </Label>
    <FillColorFrom>-9868951</FillColorFrom>
    <FillColorTo>-9868951</FillColorTo>
    <Border>
      <Color>-16777216</Color>
      <Width>0.3</Width>
    </Border>
    <Location>
      <X>73.06456</X>
      <Y>52.55624</Y>
    </Location>
    <Size>
      <Width>0.6000214</Width>
      <Height>12.33543</Height>
    </Size>
    <Shape>Polyline</Shape>
    <SegmentCount>1</SegmentCount>
    <Anchors>
      <Origin>-1</Origin>
      <Destination>-1</Destination>
    </Anchors>
    <Head>Triangle</Head>
    <Pen>0/#FF000000/0.3/0/0//0/0/10/</Pen>
    <Points>
      <Point>
        <X>73.36456</X>
        <Y>64.59167</Y>
      </Point>
      <Point>
        <X>73.36458</X>
        <Y>52.85624</Y>
      </Point>
      <Start>
        <X>73.36456</X>
        <Y>64.59167</Y>
      </Start>
      <End>
        <X>73.36458</X>
        <Y>52.85624</Y>
      </End>
    </Points>
  </NodeInfo>
  <NodeInfo name="Transition166" type="Transition">
    <Label>
      <Text></Text>
      <Font>
        <Name>Microsoft Sans Serif</Name>
        <Style>Regular</Style>
        <Size>9</Size>
      </Font>
    </Label>
    <FillColorFrom>-9868951</FillColorFrom>
    <FillColorTo>-9868951</FillColorTo>
    <Border>
      <Color>-16777216</Color>
      <Width>0.3</Width>
    </Border>
    <Location>
      <X>30.65726</X>
      <Y>54.44908</Y>
    </Location>
    <Size>
      <Width>29.88648</Width>
      <Height>11.16718</Height>
    </Size>
    <Shape>Polyline</Shape>
    <SegmentCount>1</SegmentCount>
    <Anchors>
      <Origin>-1</Origin>
      <Destination>-1</Destination>
    </Anchors>
    <Head>Triangle</Head>
    <Pen>0/#FF000000/0.3/0/0//0/0/10/</Pen>
    <Points>
      <Point>
        <X>30.95726</X>
        <Y>54.74908</Y>
      </Point>
      <Point>
        <X>60.24374</X>
        <Y>65.31625</Y>
      </Point>
      <Start>
        <X>30.95726</X>
        <Y>54.74908</Y>
      </Start>
      <End>
        <X>60.24374</X>
        <Y>65.31625</Y>
      </End>
    </Points>
  </NodeInfo>
  <NodeInfo name="Transition168" type="Transition">
    <Label>
      <Text></Text>
      <Font>
        <Name>Microsoft Sans Serif</Name>
        <Style>Regular</Style>
        <Size>9</Size>
      </Font>
    </Label>
    <FillColorFrom>-9868951</FillColorFrom>
    <FillColorTo>-9868951</FillColorTo>
    <Border>
      <Color>-16777216</Color>
      <Width>0.3</Width>
    </Border>
    <Location>
      <X>31.67985</X>
      <Y>67.61684</Y>
    </Location>
    <Size>
      <Width>28.86389</Width>
      <Height>2.056915</Height>
    </Size>
    <Shape>Polyline</Shape>
    <SegmentCount>1</SegmentCount>
    <Anchors>
      <Origin>-1</Origin>
      <Destination>-1</Destination>
    </Anchors>
    <Head>Triangle</Head>
    <Pen>0/#FF000000/0.3/0/0//0/0/10/</Pen>
    <Points>
      <Point>
        <X>31.97985</X>
        <Y>67.91685</Y>
      </Point>
      <Point>
        <X>60.24374</X>
        <Y>69.37376</Y>
      </Point>
      <Start>
        <X>31.97985</X>
        <Y>67.91685</Y>
      </Start>
      <End>
        <X>60.24374</X>
        <Y>69.37376</Y>
      </End>
    </Points>
  </NodeInfo>
  <NodeInfo name="Transition254" type="Transition">
    <Label>
      <Text></Text>
      <Font>
        <Name>Microsoft Sans Serif</Name>
        <Style>Regular</Style>
        <Size>9</Size>
      </Font>
    </Label>
    <FillColorFrom>-9868951</FillColorFrom>
    <FillColorTo>-9868951</FillColorTo>
    <Border>
      <Color>-16777216</Color>
      <Width>0.3</Width>
    </Border>
    <Location>
      <X>73.06458</X>
      <Y>31.65416</Y>
    </Location>
    <Size>
      <Width>0.6000061</Width>
      <Height>8.318747</Height>
    </Size>
    <Shape>Polyline</Shape>
    <SegmentCount>1</SegmentCount>
    <Anchors>
      <Origin>-1</Origin>
      <Destination>-1</Destination>
    </Anchors>
    <Head>Triangle</Head>
    <Pen>0/#FF000000/0.3/0/0//0/0/10/</Pen>
    <Points>
      <Point>
        <X>73.36458</X>
        <Y>39.67291</Y>
      </Point>
      <Point>
        <X>73.36458</X>
        <Y>31.95416</Y>
      </Point>
      <Start>
        <X>73.36458</X>
        <Y>39.67291</Y>
      </Start>
      <End>
        <X>73.36458</X>
        <Y>31.95416</Y>
      </End>
    </Points>
  </NodeInfo>
  <NodeInfo name="Transition386" type="Transition">
    <Label>
      <Text></Text>
      <Font>
        <Name>Microsoft Sans Serif</Name>
        <Style>Regular</Style>
        <Size>9</Size>
      </Font>
    </Label>
    <FillColorFrom>-9868951</FillColorFrom>
    <FillColorTo>-9868951</FillColorTo>
    <Border>
      <Color>-16777216</Color>
      <Width>0.3</Width>
    </Border>
    <Location>
      <X>30.84789</X>
      <Y>73.85804</Y>
    </Location>
    <Size>
      <Width>29.69585</Width>
      <Height>9.710815</Height>
    </Size>
    <Shape>Polyline</Shape>
    <SegmentCount>1</SegmentCount>
    <Anchors>
      <Origin>-1</Origin>
      <Destination>-1</Destination>
    </Anchors>
    <Head>Triangle</Head>
    <Pen>0/#FF000000/0.3/0/0//0/0/10/</Pen>
    <Points>
      <Point>
        <X>31.14789</X>
        <Y>83.26885</Y>
      </Point>
      <Point>
        <X>60.24374</X>
        <Y>74.15804</Y>
      </Point>
      <Start>
        <X>31.14789</X>
        <Y>83.26885</Y>
      </Start>
      <End>
        <X>60.24374</X>
        <Y>74.15804</Y>
      </End>
    </Points>
  </NodeInfo>
  <NodeInfo name="Transition437" type="Transition">
    <Label>
      <Text></Text>
      <Font>
        <Name>Microsoft Sans Serif</Name>
        <Style>Regular</Style>
        <Size>9</Size>
      </Font>
    </Label>
    <FillColorFrom>-9868951</FillColorFrom>
    <FillColorTo>-9868951</FillColorTo>
    <Border>
      <Color>-16777216</Color>
      <Width>0.3</Width>
    </Border>
    <Location>
      <X>85.94165</X>
      <Y>46.15177</Y>
    </Location>
    <Size>
      <Width>21.95026</Width>
      <Height>0.8809662</Height>
    </Size>
    <Shape>Polyline</Shape>
    <SegmentCount>1</SegmentCount>
    <Anchors>
      <Origin>-1</Origin>
      <Destination>-1</Destination>
    </Anchors>
    <Head>Triangle</Head>
    <Pen>0/#FF000000/0.3/0/0//0/0/10/</Pen>
    <Points>
      <Point>
        <X>107.5919</X>
        <Y>46.73274</Y>
      </Point>
      <Point>
        <X>86.24165</X>
        <Y>46.45177</Y>
      </Point>
      <Start>
        <X>107.5919</X>
        <Y>46.73274</Y>
      </Start>
      <End>
        <X>86.24165</X>
        <Y>46.45177</Y>
      </End>
    </Points>
  </NodeInfo>
</Nodes>