<Nodes version="2">
  <NodeInfo name="Calculate Discount" type="DRD" />
  <NodeInfo name="Decision170" type="Decision">
    <Label>
      <Text>Determine AutoDiscounts</Text>
      <Font>
        <Name>Microsoft Sans Serif</Name>
        <Style>Regular</Style>
        <Size>9</Size>
      </Font>
      <Size>
        <Width>21.99375</Width>
        <Height>11.99583</Height>
      </Size>
      <Location>
        <X>121.4105</X>
        <Y>77.43329</Y>
      </Location>
      <Alignment>
        <Vertical>Center</Vertical>
        <Horizontal>Center</Horizontal>
      </Alignment>
    </Label>
    <Image></Image>
    <ImageAlign>Center</ImageAlign>
    <FillColorFrom>-7876870</FillColorFrom>
    <FillColorTo>-7876870</FillColorTo>
    <Border>
      <Color>-16777216</Color>
      <Width>0.3</Width>
    </Border>
    <Location>
      <X>118.9396</X>
      <Y>77.43329</Y>
    </Location>
    <Size>
      <Width>26.28333</Width>
      <Height>12.525</Height>
    </Size>
  </NodeInfo>
  <NodeInfo name="Decision171" type="Decision">
    <Label>
      <Text>Client
Segment Discount</Text>
      <Font>
        <Name>Microsoft Sans Serif</Name>
        <Style>Regular</Style>
        <Size>9</Size>
      </Font>
      <Size>
        <Width>20</Width>
        <Height>12.78958</Height>
      </Size>
      <Location>
        <X>122.0813</X>
        <Y>28.45937</Y>
      </Location>
      <Alignment>
        <Vertical>Center</Vertical>
        <Horizontal>Center</Horizontal>
      </Alignment>
    </Label>
    <Image></Image>
    <ImageAlign>Center</ImageAlign>
    <FillColorFrom>-7876870</FillColorFrom>
    <FillColorTo>-7876870</FillColorTo>
    <Border>
      <Color>-16777216</Color>
      <Width>0.3</Width>
    </Border>
    <Location>
      <X>119.4688</X>
      <Y>28.45937</Y>
    </Location>
    <Size>
      <Width>25.225</Width>
      <Height>13.31875</Height>
    </Size>
  </NodeInfo>
  <NodeInfo name="Premium" type="InputData">
    <Label>
      <Text>Premium</Text>
      <Font>
        <Name>Microsoft Sans Serif</Name>
        <Style>Regular</Style>
        <Size>9</Size>
      </Font>
      <Size>
        <Width>20</Width>
        <Height>10</Height>
      </Size>
      <Location>
        <X>166.6438</X>
        <Y>30.11874</Y>
      </Location>
      <Alignment>
        <Vertical>Center</Vertical>
        <Horizontal>Center</Horizontal>
      </Alignment>
    </Label>
    <Image></Image>
    <ImageAlign>Center</ImageAlign>
    <FillColorFrom>-2572328</FillColorFrom>
    <FillColorTo>-2572328</FillColorTo>
    <Border>
      <Color>-16777216</Color>
      <Width>0.3</Width>
    </Border>
    <Location>
      <X>166.6438</X>
      <Y>30.11874</Y>
    </Location>
    <Size>
      <Width>20</Width>
      <Height>9.999998</Height>
    </Size>
  </NodeInfo>
  <NodeInfo name="Car" type="InputData">
    <Label>
      <Text>Car</Text>
      <Font>
        <Name>Microsoft Sans Serif</Name>
        <Style>Regular</Style>
        <Size>9</Size>
      </Font>
      <Size>
        <Width>20</Width>
        <Height>10</Height>
      </Size>
      <Location>
        <X>75.62707</X>
        <Y>30.11874</Y>
      </Location>
      <Alignment>
        <Vertical>Center</Vertical>
        <Horizontal>Center</Horizontal>
      </Alignment>
    </Label>
    <Image></Image>
    <ImageAlign>Center</ImageAlign>
    <FillColorFrom>-2572328</FillColorFrom>
    <FillColorTo>-2572328</FillColorTo>
    <Border>
      <Color>-16777216</Color>
      <Width>0.3</Width>
    </Border>
    <Location>
      <X>75.62707</X>
      <Y>30.11874</Y>
    </Location>
    <Size>
      <Width>20</Width>
      <Height>10</Height>
    </Size>
  </NodeInfo>
  <NodeInfo name="Eligibility" type="InputData">
    <Label>
      <Text>Eligibility</Text>
      <Font>
        <Name>Microsoft Sans Serif</Name>
        <Style>Regular</Style>
        <Size>9</Size>
      </Font>
      <Size>
        <Width>20</Width>
        <Height>10</Height>
      </Size>
      <Location>
        <X>165.3208</X>
        <Y>46.23228</Y>
      </Location>
      <Alignment>
        <Vertical>Center</Vertical>
        <Horizontal>Center</Horizontal>
      </Alignment>
    </Label>
    <Image></Image>
    <ImageAlign>Center</ImageAlign>
    <FillColorFrom>-2572328</FillColorFrom>
    <FillColorTo>-2572328</FillColorTo>
    <Border>
      <Color>-16777216</Color>
      <Width>0.3</Width>
    </Border>
    <Location>
      <X>165.3208</X>
      <Y>46.23228</Y>
    </Location>
    <Size>
      <Width>20</Width>
      <Height>10</Height>
    </Size>
  </NodeInfo>
  <NodeInfo name="Decision59" type="Decision">
    <Label>
      <Text>Apply Auto Discount</Text>
      <Font>
        <Name>Microsoft Sans Serif</Name>
        <Style>Regular</Style>
        <Size>9</Size>
      </Font>
      <Size>
        <Width>20.00001</Width>
        <Height>10</Height>
      </Size>
      <Location>
        <X>122.0812</X>
        <Y>53.97706</Y>
      </Location>
      <Alignment>
        <Vertical>Center</Vertical>
        <Horizontal>Center</Horizontal>
      </Alignment>
    </Label>
    <Image></Image>
    <ImageAlign>Center</ImageAlign>
    <FillColorFrom>-7876870</FillColorFrom>
    <FillColorTo>-7876870</FillColorTo>
    <Border>
      <Color>-16777216</Color>
      <Width>0.3</Width>
    </Border>
    <Location>
      <X>118.9396</X>
      <Y>53.97706</Y>
    </Location>
    <Size>
      <Width>26.28333</Width>
      <Height>12.525</Height>
    </Size>
  </NodeInfo>
  <NodeInfo name="ClientSegment" type="InputData">
    <Label>
      <Text>Client
Segment</Text>
      <Font>
        <Name>Microsoft Sans Serif</Name>
        <Style>Regular</Style>
        <Size>9</Size>
      </Font>
      <Size>
        <Width>20</Width>
        <Height>10</Height>
      </Size>
      <Location>
        <X>75.62707</X>
        <Y>46.23228</Y>
      </Location>
      <Alignment>
        <Vertical>Center</Vertical>
        <Horizontal>Center</Horizontal>
      </Alignment>
    </Label>
    <Image></Image>
    <ImageAlign>Center</ImageAlign>
    <FillColorFrom>-2572328</FillColorFrom>
    <FillColorTo>-2572328</FillColorTo>
    <Border>
      <Color>-16777216</Color>
      <Width>0.3</Width>
    </Border>
    <Location>
      <X>75.62707</X>
      <Y>46.23228</Y>
    </Location>
    <Size>
      <Width>20</Width>
      <Height>10</Height>
    </Size>
  </NodeInfo>
  <NodeInfo name="Transition60" type="Transition">
    <Label>
      <Text></Text>
      <Font>
        <Name>Microsoft Sans Serif</Name>
        <Style>Regular</Style>
        <Size>9</Size>
      </Font>
    </Label>
    <FillColorFrom>-9868951</FillColorFrom>
    <FillColorTo>-9868951</FillColorTo>
    <Border>
      <Color>-16777216</Color>
      <Width>0.3</Width>
    </Border>
    <Location>
      <X>131.7813</X>
      <Y>66.20206</Y>
    </Location>
    <Size>
      <Width>0.6000061</Width>
      <Height>11.53123</Height>
    </Size>
    <Shape>Polyline</Shape>
    <SegmentCount>1</SegmentCount>
    <Anchors>
      <Origin>-1</Origin>
      <Destination>-1</Destination>
    </Anchors>
    <Head>Triangle</Head>
    <Pen>0/#FF000000/0.3/0/0//0/0/10/</Pen>
    <Points>
      <Point>
        <X>132.0813</X>
        <Y>77.43329</Y>
      </Point>
      <Point>
        <X>132.0813</X>
        <Y>66.50206</Y>
      </Point>
      <Start>
        <X>132.0813</X>
        <Y>77.43329</Y>
      </Start>
      <End>
        <X>132.0813</X>
        <Y>66.50206</Y>
      </End>
    </Points>
  </NodeInfo>
  <NodeInfo name="Transition62" type="Transition">
    <Label>
      <Text></Text>
      <Font>
        <Name>Microsoft Sans Serif</Name>
        <Style>Regular</Style>
        <Size>9</Size>
      </Font>
    </Label>
    <FillColorFrom>-9868951</FillColorFrom>
    <FillColorTo>-9868951</FillColorTo>
    <Border>
      <Color>-16777216</Color>
      <Width>0.3</Width>
    </Border>
    <Location>
      <X>144.3938</X>
      <Y>34.81874</Y>
    </Location>
    <Size>
      <Width>22.595</Width>
      <Height>0.5999985</Height>
    </Size>
    <Shape>Polyline</Shape>
    <SegmentCount>1</SegmentCount>
    <Anchors>
      <Origin>-1</Origin>
      <Destination>-1</Destination>
    </Anchors>
    <Head>Triangle</Head>
    <Pen>0/#FF000000/0.3/0/0//0/0/10/</Pen>
    <Points>
      <Point>
        <X>166.6888</X>
        <Y>35.11874</Y>
      </Point>
      <Point>
        <X>144.6938</X>
        <Y>35.11874</Y>
      </Point>
      <Start>
        <X>166.6888</X>
        <Y>35.11874</Y>
      </Start>
      <End>
        <X>144.6938</X>
        <Y>35.11874</Y>
      </End>
    </Points>
  </NodeInfo>
  <NodeInfo name="Transition72" type="Transition">
    <Label>
      <Text></Text>
      <Font>
        <Name>Microsoft Sans Serif</Name>
        <Style>Regular</Style>
        <Size>9</Size>
      </Font>
    </Label>
    <FillColorFrom>-9868951</FillColorFrom>
    <FillColorTo>-9868951</FillColorTo>
    <Border>
      <Color>-16777216</Color>
      <Width>0.3</Width>
    </Border>
    <Location>
      <X>95.38641</X>
      <Y>34.81874</Y>
    </Location>
    <Size>
      <Width>24.38239</Width>
      <Height>0.5999985</Height>
    </Size>
    <Shape>Polyline</Shape>
    <SegmentCount>1</SegmentCount>
    <Anchors>
      <Origin>-1</Origin>
      <Destination>-1</Destination>
    </Anchors>
    <Head>Triangle</Head>
    <Pen>0/#FF000000/0.3/0/0//0/0/10/</Pen>
    <Points>
      <Point>
        <X>95.68642</X>
        <Y>35.11874</Y>
      </Point>
      <Point>
        <X>119.4688</X>
        <Y>35.11874</Y>
      </Point>
      <Start>
        <X>95.68642</X>
        <Y>35.11874</Y>
      </Start>
      <End>
        <X>119.4688</X>
        <Y>35.11874</Y>
      </End>
    </Points>
  </NodeInfo>
  <NodeInfo name="Transition101" type="Transition">
    <Label>
      <Text></Text>
      <Font>
        <Name>Microsoft Sans Serif</Name>
        <Style>Regular</Style>
        <Size>9</Size>
      </Font>
    </Label>
    <FillColorFrom>-9868951</FillColorFrom>
    <FillColorTo>-9868951</FillColorTo>
    <Border>
      <Color>-16777216</Color>
      <Width>0.3</Width>
    </Border>
    <Location>
      <X>144.3938</X>
      <Y>39.61024</Y>
    </Location>
    <Size>
      <Width>22.3392</Width>
      <Height>8.858749</Height>
    </Size>
    <Shape>Polyline</Shape>
    <SegmentCount>1</SegmentCount>
    <Anchors>
      <Origin>-1</Origin>
      <Destination>-1</Destination>
    </Anchors>
    <Head>Triangle</Head>
    <Pen>0/#FF000000/0.3/0/0//0/0/10/</Pen>
    <Points>
      <Point>
        <X>166.433</X>
        <Y>48.16899</Y>
      </Point>
      <Point>
        <X>144.6938</X>
        <Y>39.91024</Y>
      </Point>
      <Start>
        <X>166.433</X>
        <Y>48.16899</Y>
      </Start>
      <End>
        <X>144.6938</X>
        <Y>39.91024</Y>
      </End>
    </Points>
  </NodeInfo>
  <NodeInfo name="Transition61" type="Transition">
    <Label>
      <Text></Text>
      <Font>
        <Name>Microsoft Sans Serif</Name>
        <Style>Regular</Style>
        <Size>9</Size>
      </Font>
    </Label>
    <FillColorFrom>-9868951</FillColorFrom>
    <FillColorTo>-9868951</FillColorTo>
    <Border>
      <Color>-16777216</Color>
      <Width>0.3</Width>
    </Border>
    <Location>
      <X>131.781</X>
      <Y>41.47812</Y>
    </Location>
    <Size>
      <Width>0.6002197</Width>
      <Height>12.79894</Height>
    </Size>
    <Shape>Polyline</Shape>
    <SegmentCount>1</SegmentCount>
    <Anchors>
      <Origin>-1</Origin>
      <Destination>-1</Destination>
    </Anchors>
    <Head>Triangle</Head>
    <Pen>0/#FF000000/0.3/0/0//0/0/10/</Pen>
    <Points>
      <Point>
        <X>132.0812</X>
        <Y>53.97706</Y>
      </Point>
      <Point>
        <X>132.081</X>
        <Y>41.77812</Y>
      </Point>
      <Start>
        <X>132.0812</X>
        <Y>53.97706</Y>
      </Start>
      <End>
        <X>132.081</X>
        <Y>41.77812</Y>
      </End>
    </Points>
  </NodeInfo>
  <NodeInfo name="Transition133" type="Transition">
    <Label>
      <Text></Text>
      <Font>
        <Name>Microsoft Sans Serif</Name>
        <Style>Regular</Style>
        <Size>9</Size>
      </Font>
    </Label>
    <FillColorFrom>-9868951</FillColorFrom>
    <FillColorTo>-9868951</FillColorTo>
    <Border>
      <Color>-16777216</Color>
      <Width>0.3</Width>
    </Border>
    <Location>
      <X>94.31208</X>
      <Y>39.19149</Y>
    </Location>
    <Size>
      <Width>25.45673</Width>
      <Height>9.223598</Height>
    </Size>
    <Shape>Polyline</Shape>
    <SegmentCount>1</SegmentCount>
    <Anchors>
      <Origin>-1</Origin>
      <Destination>-1</Destination>
    </Anchors>
    <Head>Triangle</Head>
    <Pen>0/#FF000000/0.3/0/0//0/0/10/</Pen>
    <Points>
      <Point>
        <X>94.61208</X>
        <Y>48.11509</Y>
      </Point>
      <Point>
        <X>119.4688</X>
        <Y>39.49149</Y>
      </Point>
      <Start>
        <X>94.61208</X>
        <Y>48.11509</Y>
      </Start>
      <End>
        <X>119.4688</X>
        <Y>39.49149</Y>
      </End>
    </Points>
  </NodeInfo>
</Nodes>