<Nodes version="2">
  <NodeInfo name="Determine Eligibility Score" type="DRD" />
  <NodeInfo name="Decision110" type="Decision">
    <Label>
      <Text>Determine Eligibility Sore</Text>
      <Font>
        <Name>Microsoft Sans Serif</Name>
        <Style>Regular</Style>
        <Size>9</Size>
      </Font>
      <Size>
        <Width>27.02083</Width>
        <Height>10.9375</Height>
      </Size>
      <Location>
        <X>140.6718</X>
        <Y>29.96041</Y>
      </Location>
      <Alignment>
        <Vertical>Center</Vertical>
        <Horizontal>Center</Horizontal>
      </Alignment>
    </Label>
    <Image></Image>
    <ImageAlign>Center</ImageAlign>
    <FillColorFrom>-7876870</FillColorFrom>
    <FillColorTo>-7876870</FillColorTo>
    <Border>
      <Color>-16777216</Color>
      <Width>0.3</Width>
    </Border>
    <Location>
      <X>136.7458</X>
      <Y>29.96041</Y>
    </Location>
    <Size>
      <Width>33.42708</Width>
      <Height>12.525</Height>
    </Size>
  </NodeInfo>
  <NodeInfo name="Decision111" type="Decision">
    <Label>
      <Text>Automobile Eligibility</Text>
      <Font>
        <Name>Microsoft Sans Serif</Name>
        <Style>Regular</Style>
        <Size>9</Size>
      </Font>
      <Size>
        <Width>29.36875</Width>
        <Height>10</Height>
      </Size>
      <Location>
        <X>100.0604</X>
        <Y>59.06458</Y>
      </Location>
      <Alignment>
        <Vertical>Center</Vertical>
        <Horizontal>Center</Horizontal>
      </Alignment>
    </Label>
    <Image></Image>
    <ImageAlign>Center</ImageAlign>
    <FillColorFrom>-7876870</FillColorFrom>
    <FillColorTo>-7876870</FillColorTo>
    <Border>
      <Color>-16777216</Color>
      <Width>0.3</Width>
    </Border>
    <Location>
      <X>99.53124</X>
      <Y>59.06458</Y>
    </Location>
    <Size>
      <Width>29.96458</Width>
      <Height>11.46667</Height>
    </Size>
  </NodeInfo>
  <NodeInfo name="Decision112" type="Decision">
    <Label>
      <Text>Driver Eligibility</Text>
      <Font>
        <Name>Microsoft Sans Serif</Name>
        <Style>Regular</Style>
        <Size>9</Size>
      </Font>
      <Size>
        <Width>20</Width>
        <Height>10</Height>
      </Size>
      <Location>
        <X>186.4427</X>
        <Y>59.06458</Y>
      </Location>
      <Alignment>
        <Vertical>Center</Vertical>
        <Horizontal>Center</Horizontal>
      </Alignment>
    </Label>
    <Image></Image>
    <ImageAlign>Center</ImageAlign>
    <FillColorFrom>-7876870</FillColorFrom>
    <FillColorTo>-7876870</FillColorTo>
    <Border>
      <Color>-16777216</Color>
      <Width>0.3</Width>
    </Border>
    <Location>
      <X>181.4604</X>
      <Y>59.06458</Y>
    </Location>
    <Size>
      <Width>29.96458</Width>
      <Height>11.46667</Height>
    </Size>
  </NodeInfo>
  <NodeInfo name="Car" type="InputData">
    <Label>
      <Text>Car</Text>
      <Font>
        <Name>Microsoft Sans Serif</Name>
        <Style>Regular</Style>
        <Size>9</Size>
      </Font>
      <Size>
        <Width>20</Width>
        <Height>10</Height>
      </Size>
      <Location>
        <X>52.38958</X>
        <Y>59.79791</Y>
      </Location>
      <Alignment>
        <Vertical>Center</Vertical>
        <Horizontal>Center</Horizontal>
      </Alignment>
    </Label>
    <Image></Image>
    <ImageAlign>Center</ImageAlign>
    <FillColorFrom>-2572328</FillColorFrom>
    <FillColorTo>-2572328</FillColorTo>
    <Border>
      <Color>-16777216</Color>
      <Width>0.3</Width>
    </Border>
    <Location>
      <X>52.38958</X>
      <Y>59.79791</Y>
    </Location>
    <Size>
      <Width>20</Width>
      <Height>10</Height>
    </Size>
  </NodeInfo>
  <NodeInfo name="Driver" type="InputData">
    <Label>
      <Text>Driver</Text>
      <Font>
        <Name>Microsoft Sans Serif</Name>
        <Style>Regular</Style>
        <Size>9</Size>
      </Font>
      <Size>
        <Width>20</Width>
        <Height>10</Height>
      </Size>
      <Location>
        <X>241.0375</X>
        <Y>59.79791</Y>
      </Location>
      <Alignment>
        <Vertical>Center</Vertical>
        <Horizontal>Center</Horizontal>
      </Alignment>
    </Label>
    <Image></Image>
    <ImageAlign>Center</ImageAlign>
    <FillColorFrom>-2572328</FillColorFrom>
    <FillColorTo>-2572328</FillColorTo>
    <Border>
      <Color>-16777216</Color>
      <Width>0.3</Width>
    </Border>
    <Location>
      <X>241.0375</X>
      <Y>59.79791</Y>
    </Location>
    <Size>
      <Width>20</Width>
      <Height>10</Height>
    </Size>
  </NodeInfo>
  <NodeInfo name="Decision153" type="Decision">
    <Label>
      <Text>Driver Age Category</Text>
      <Font>
        <Name>Microsoft Sans Serif</Name>
        <Style>Regular</Style>
        <Size>9</Size>
      </Font>
      <Size>
        <Width>20</Width>
        <Height>10</Height>
      </Size>
      <Location>
        <X>166.9093</X>
        <Y>89.91457</Y>
      </Location>
      <Alignment>
        <Vertical>Center</Vertical>
        <Horizontal>Center</Horizontal>
      </Alignment>
    </Label>
    <Image></Image>
    <ImageAlign>Center</ImageAlign>
    <FillColorFrom>-7876870</FillColorFrom>
    <FillColorTo>-7876870</FillColorTo>
    <Border>
      <Color>-16777216</Color>
      <Width>0.3</Width>
    </Border>
    <Location>
      <X>161.927</X>
      <Y>89.91457</Y>
    </Location>
    <Size>
      <Width>29.96458</Width>
      <Height>11.46667</Height>
    </Size>
  </NodeInfo>
  <NodeInfo name="Decision154" type="Decision">
    <Label>
      <Text>Driving Record Category</Text>
      <Font>
        <Name>Microsoft Sans Serif</Name>
        <Style>Regular</Style>
        <Size>9</Size>
      </Font>
      <Size>
        <Width>27.78125</Width>
        <Height>10</Height>
      </Size>
      <Location>
        <X>209.1125</X>
        <Y>89.91457</Y>
      </Location>
      <Alignment>
        <Vertical>Center</Vertical>
        <Horizontal>Center</Horizontal>
      </Alignment>
    </Label>
    <Image></Image>
    <ImageAlign>Center</ImageAlign>
    <FillColorFrom>-7876870</FillColorFrom>
    <FillColorTo>-7876870</FillColorTo>
    <Border>
      <Color>-16777216</Color>
      <Width>0.3</Width>
    </Border>
    <Location>
      <X>208.4937</X>
      <Y>89.91457</Y>
    </Location>
    <Size>
      <Width>29.96458</Width>
      <Height>11.46667</Height>
    </Size>
  </NodeInfo>
  <NodeInfo name="SubDrd369" type="SubDrd">
    <Label>
      <Text>Determine Rating</Text>
      <Font>
        <Name>Microsoft Sans Serif</Name>
        <Style>Regular</Style>
        <Size>9</Size>
      </Font>
      <Size>
        <Width>20</Width>
        <Height>10</Height>
      </Size>
      <Location>
        <X>104.5135</X>
        <Y>89.69582</Y>
      </Location>
      <Alignment>
        <Vertical>Center</Vertical>
        <Horizontal>Center</Horizontal>
      </Alignment>
    </Label>
    <Image></Image>
    <ImageAlign>Center</ImageAlign>
    <FillColorFrom>-2624513</FillColorFrom>
    <FillColorTo>-2624513</FillColorTo>
    <Border>
      <Color>-16777216</Color>
      <Width>0.3</Width>
    </Border>
    <Location>
      <X>99.53124</X>
      <Y>89.69582</Y>
    </Location>
    <Size>
      <Width>29.96458</Width>
      <Height>11.46667</Height>
    </Size>
  </NodeInfo>
  <NodeInfo name="ClientSegment" type="InputData">
    <Label>
      <Text>Client Segment</Text>
      <Font>
        <Name>Microsoft Sans Serif</Name>
        <Style>Regular</Style>
        <Size>9</Size>
      </Font>
      <Size>
        <Width>20</Width>
        <Height>10</Height>
      </Size>
      <Location>
        <X>52.38958</X>
        <Y>31.22291</Y>
      </Location>
      <Alignment>
        <Vertical>Center</Vertical>
        <Horizontal>Center</Horizontal>
      </Alignment>
    </Label>
    <Image></Image>
    <ImageAlign>Center</ImageAlign>
    <FillColorFrom>-2572328</FillColorFrom>
    <FillColorTo>-2572328</FillColorTo>
    <Border>
      <Color>-16777216</Color>
      <Width>0.3</Width>
    </Border>
    <Location>
      <X>52.38958</X>
      <Y>31.22291</Y>
    </Location>
    <Size>
      <Width>20</Width>
      <Height>10</Height>
    </Size>
  </NodeInfo>
  <NodeInfo name="Transition113" type="Transition">
    <Label>
      <Text></Text>
      <Font>
        <Name>Microsoft Sans Serif</Name>
        <Style>Regular</Style>
        <Size>9</Size>
      </Font>
    </Label>
    <FillColorFrom>-9868951</FillColorFrom>
    <FillColorTo>-9868951</FillColorTo>
    <Border>
      <Color>-16777216</Color>
      <Width>0.3</Width>
    </Border>
    <Location>
      <X>122.1494</X>
      <Y>42.1854</Y>
    </Location>
    <Size>
      <Width>23.108</Width>
      <Height>17.17918</Height>
    </Size>
    <Shape>Polyline</Shape>
    <SegmentCount>1</SegmentCount>
    <Anchors>
      <Origin>-1</Origin>
      <Destination>-1</Destination>
    </Anchors>
    <Head>Triangle</Head>
    <Pen>0/#FF000000/0.3/0/0//0/0/10/</Pen>
    <Points>
      <Point>
        <X>122.4494</X>
        <Y>59.06458</Y>
      </Point>
      <Point>
        <X>144.9574</X>
        <Y>42.4854</Y>
      </Point>
      <Start>
        <X>122.4494</X>
        <Y>59.06458</Y>
      </Start>
      <End>
        <X>144.9574</X>
        <Y>42.4854</Y>
      </End>
    </Points>
  </NodeInfo>
  <NodeInfo name="Transition114" type="Transition">
    <Label>
      <Text></Text>
      <Font>
        <Name>Microsoft Sans Serif</Name>
        <Style>Regular</Style>
        <Size>9</Size>
      </Font>
    </Label>
    <FillColorFrom>-9868951</FillColorFrom>
    <FillColorTo>-9868951</FillColorTo>
    <Border>
      <Color>-16777216</Color>
      <Width>0.3</Width>
    </Border>
    <Location>
      <X>162.5421</X>
      <Y>42.1854</Y>
    </Location>
    <Size>
      <Width>25.4409</Width>
      <Height>17.17918</Height>
    </Size>
    <Shape>Polyline</Shape>
    <SegmentCount>1</SegmentCount>
    <Anchors>
      <Origin>-1</Origin>
      <Destination>-1</Destination>
    </Anchors>
    <Head>Triangle</Head>
    <Pen>0/#FF000000/0.3/0/0//0/0/10/</Pen>
    <Points>
      <Point>
        <X>187.683</X>
        <Y>59.06458</Y>
      </Point>
      <Point>
        <X>162.8421</X>
        <Y>42.4854</Y>
      </Point>
      <Start>
        <X>187.683</X>
        <Y>59.06458</Y>
      </Start>
      <End>
        <X>162.8421</X>
        <Y>42.4854</Y>
      </End>
    </Points>
  </NodeInfo>
  <NodeInfo name="Transition137" type="Transition">
    <Label>
      <Text></Text>
      <Font>
        <Name>Microsoft Sans Serif</Name>
        <Style>Regular</Style>
        <Size>9</Size>
      </Font>
    </Label>
    <FillColorFrom>-9868951</FillColorFrom>
    <FillColorTo>-9868951</FillColorTo>
    <Border>
      <Color>-16777216</Color>
      <Width>0.3</Width>
    </Border>
    <Location>
      <X>72.13498</X>
      <Y>64.49791</Y>
    </Location>
    <Size>
      <Width>27.69627</Width>
      <Height>0.6000061</Height>
    </Size>
    <Shape>Polyline</Shape>
    <SegmentCount>1</SegmentCount>
    <Anchors>
      <Origin>-1</Origin>
      <Destination>-1</Destination>
    </Anchors>
    <Head>Triangle</Head>
    <Pen>0/#FF000000/0.3/0/0//0/0/10/</Pen>
    <Points>
      <Point>
        <X>72.43498</X>
        <Y>64.79791</Y>
      </Point>
      <Point>
        <X>99.53124</X>
        <Y>64.79791</Y>
      </Point>
      <Start>
        <X>72.43498</X>
        <Y>64.79791</Y>
      </Start>
      <End>
        <X>99.53124</X>
        <Y>64.79791</Y>
      </End>
    </Points>
  </NodeInfo>
  <NodeInfo name="Transition139" type="Transition">
    <Label>
      <Text></Text>
      <Font>
        <Name>Microsoft Sans Serif</Name>
        <Style>Regular</Style>
        <Size>9</Size>
      </Font>
    </Label>
    <FillColorFrom>-9868951</FillColorFrom>
    <FillColorTo>-9868951</FillColorTo>
    <Border>
      <Color>-16777216</Color>
      <Width>0.3</Width>
    </Border>
    <Location>
      <X>211.125</X>
      <Y>64.49791</Y>
    </Location>
    <Size>
      <Width>30.24051</Width>
      <Height>0.6000061</Height>
    </Size>
    <Shape>Polyline</Shape>
    <SegmentCount>1</SegmentCount>
    <Anchors>
      <Origin>-1</Origin>
      <Destination>-1</Destination>
    </Anchors>
    <Head>Triangle</Head>
    <Pen>0/#FF000000/0.3/0/0//0/0/10/</Pen>
    <Points>
      <Point>
        <X>241.0655</X>
        <Y>64.79791</Y>
      </Point>
      <Point>
        <X>211.425</X>
        <Y>64.79791</Y>
      </Point>
      <Start>
        <X>241.0655</X>
        <Y>64.79791</Y>
      </Start>
      <End>
        <X>211.425</X>
        <Y>64.79791</Y>
      </End>
    </Points>
  </NodeInfo>
  <NodeInfo name="Transition155" type="Transition">
    <Label>
      <Text></Text>
      <Font>
        <Name>Microsoft Sans Serif</Name>
        <Style>Regular</Style>
        <Size>9</Size>
      </Font>
    </Label>
    <FillColorFrom>-9868951</FillColorFrom>
    <FillColorTo>-9868951</FillColorTo>
    <Border>
      <Color>-16777216</Color>
      <Width>0.3</Width>
    </Border>
    <Location>
      <X>180.2389</X>
      <Y>70.23124</Y>
    </Location>
    <Size>
      <Width>12.87282</Width>
      <Height>19.98334</Height>
    </Size>
    <Shape>Polyline</Shape>
    <SegmentCount>1</SegmentCount>
    <Anchors>
      <Origin>-1</Origin>
      <Destination>-1</Destination>
    </Anchors>
    <Head>Triangle</Head>
    <Pen>0/#FF000000/0.3/0/0//0/0/10/</Pen>
    <Points>
      <Point>
        <X>180.5389</X>
        <Y>89.91457</Y>
      </Point>
      <Point>
        <X>192.8117</X>
        <Y>70.53124</Y>
      </Point>
      <Start>
        <X>180.5389</X>
        <Y>89.91457</Y>
      </Start>
      <End>
        <X>192.8117</X>
        <Y>70.53124</Y>
      </End>
    </Points>
  </NodeInfo>
  <NodeInfo name="Transition156" type="Transition">
    <Label>
      <Text></Text>
      <Font>
        <Name>Microsoft Sans Serif</Name>
        <Style>Regular</Style>
        <Size>9</Size>
      </Font>
    </Label>
    <FillColorFrom>-9868951</FillColorFrom>
    <FillColorTo>-9868951</FillColorTo>
    <Border>
      <Color>-16777216</Color>
      <Width>0.3</Width>
    </Border>
    <Location>
      <X>201.1864</X>
      <Y>70.23124</Y>
    </Location>
    <Size>
      <Width>17.5818</Width>
      <Height>19.98334</Height>
    </Size>
    <Shape>Polyline</Shape>
    <SegmentCount>1</SegmentCount>
    <Anchors>
      <Origin>-1</Origin>
      <Destination>-1</Destination>
    </Anchors>
    <Head>Triangle</Head>
    <Pen>0/#FF000000/0.3/0/0//0/0/10/</Pen>
    <Points>
      <Point>
        <X>218.4682</X>
        <Y>89.91457</Y>
      </Point>
      <Point>
        <X>201.4864</X>
        <Y>70.53124</Y>
      </Point>
      <Start>
        <X>218.4682</X>
        <Y>89.91457</Y>
      </Start>
      <End>
        <X>201.4864</X>
        <Y>70.53124</Y>
      </End>
    </Points>
  </NodeInfo>
  <NodeInfo name="Transition370" type="Transition">
    <Label>
      <Text></Text>
      <Font>
        <Name>Microsoft Sans Serif</Name>
        <Style>Regular</Style>
        <Size>9</Size>
      </Font>
    </Label>
    <FillColorFrom>-9868951</FillColorFrom>
    <FillColorTo>-9868951</FillColorTo>
    <Border>
      <Color>-16777216</Color>
      <Width>0.3</Width>
    </Border>
    <Location>
      <X>114.2133</X>
      <Y>70.23125</Y>
    </Location>
    <Size>
      <Width>0.6002045</Width>
      <Height>19.76458</Height>
    </Size>
    <Shape>Polyline</Shape>
    <SegmentCount>1</SegmentCount>
    <Anchors>
      <Origin>-1</Origin>
      <Destination>-1</Destination>
    </Anchors>
    <Head>Triangle</Head>
    <Pen>0/#FF000000/0.3/0/0//0/0/10/</Pen>
    <Points>
      <Point>
        <X>114.5133</X>
        <Y>89.69582</Y>
      </Point>
      <Point>
        <X>114.5135</X>
        <Y>70.53125</Y>
      </Point>
      <Start>
        <X>114.5133</X>
        <Y>89.69582</Y>
      </Start>
      <End>
        <X>114.5135</X>
        <Y>70.53125</Y>
      </End>
    </Points>
  </NodeInfo>
  <NodeInfo name="Transition85" type="Transition">
    <Label>
      <Text></Text>
      <Font>
        <Name>Microsoft Sans Serif</Name>
        <Style>Regular</Style>
        <Size>9</Size>
      </Font>
    </Label>
    <FillColorFrom>-9868951</FillColorFrom>
    <FillColorTo>-9868951</FillColorTo>
    <Border>
      <Color>-16777216</Color>
      <Width>0.3</Width>
    </Border>
    <Location>
      <X>72.13283</X>
      <Y>35.92291</Y>
    </Location>
    <Size>
      <Width>64.91298</Width>
      <Height>0.5999985</Height>
    </Size>
    <Shape>Polyline</Shape>
    <SegmentCount>1</SegmentCount>
    <Anchors>
      <Origin>-1</Origin>
      <Destination>-1</Destination>
    </Anchors>
    <Head>Triangle</Head>
    <Pen>0/#FF000000/0.3/0/0//0/0/10/</Pen>
    <Points>
      <Point>
        <X>72.43283</X>
        <Y>36.22291</Y>
      </Point>
      <Point>
        <X>136.7458</X>
        <Y>36.22291</Y>
      </Point>
      <Start>
        <X>72.43283</X>
        <Y>36.22291</Y>
      </Start>
      <End>
        <X>136.7458</X>
        <Y>36.22291</Y>
      </End>
    </Points>
  </NodeInfo>
</Nodes>