{
    "Car":
    {
        "AlarmSystem":false,
        "Airbag":
        {
            "Driver":true,
            "Passenger":false,
            "SidePanel":false
        },
        "Price":74000,
        "HighTheftProbabilityAuto":false,
        "Convertible":true,
        "HasRollBar":false,
        "ModelYear":2021,
        "CarType":"Compact",
        "UninsuredMtoristCoverage":false,
        "HasMedicalCoverage":false
    },
    "Driver":
    {
        "Age":29,
        "Gender":"Male",
        "DUI":false,
        "NumberOfAccident":4,
        "Violation":0,
        "TrainingCertification":false,
        "ClientType":"Preferred Client",
        "Married":false,
        "Location":"CA"
    }
}
