{
    "Car":
    {
        "Airbag":
        {
            "Driver":true,
            "Passenger":true,
            "SidePanel":false
        },
        "AlarmSystem":false,
        "Price":39000,
        "HighTheftProbabilityAuto":false,
        "Convertible":false,
        "HasRollBar":false,
        "CarType":"Compact",
        "ModelYear":2022,
        "UninsuredMotoristCoverage":false,
        "HasMedicalCoverage":false
    },
    "Driver":
    {
        "Age":38,
        "Gender":null,
        "DUI":false,
        "NumberOfAccident":2,
        "Violation":0,
        "ClientID":60215,
        "TainingCertification":false,
        "Married":true,
        "Location":"CA"
    }
}
