{
    "Car":
    {
        "Airbag":
        {
            "Driver":false,
            "Passenger":false,
            "SidePanel":false
        },
        "AlarmSystem":false,
        "Price":50000,
        "HighTheftProbabilityAuto":true,
        "Convertible":true,
        "HasRollBar":true,
        "CarType":"Luxury",
        "ModelYear":2022,
        "UninsuredMotoristCoverage":false,
        "HasMedicalCoverage":false
    },
    "Driver":
    {
        "Age":21,
        "Gender":"Male",
        "DUI":true,
        "NumberOfAccident":5,
        "Violation":6,
        "ClientID":0,
        "TainingCertification":false,
        "Married":false,
        "Location":"CA"
    },
	"Client":
	{
    "ClientID" : 60215,
    "VehicleInsuranceProductID" : "VI100",
    "LifeInsuranceProductID" : "LI100",
    "RetirementInsuranceProductID" : "RI100",
    "Revenue" : 255000
}
}
