{
    "Car":
    {
        "Airbag":
        {
            "Driver":false,
            "Passenger":false,
            "SidePanel":false
        },
        "AlarmSystem":false,
        "Price":49000,
        "HighTheftProbabilityAuto":true,
        "Convertible":false,
        "HasRollBar":true,
        "CarType":null,
        "ModelYear":2022,
        "UninsuredMotoristCoverage":false,
        "HasMedicalCoverage":false
    },
    "Driver":
    {
        "Age":21,
        "Gender":"Male",
        "DUI":true,
        "NumberOfAccident":5,
        "Violation":1,
        "ClientID":60215,
        "TainingCertification":false,
        "Married":false,
        "Location":"CA"
    }
}
