<DRD name="Calculate Discount">
  <Nodes>
    <Decision name="Decision170" uri="Logic Documents\AutoDiscounts.xml" contextMode="Shared" type="Table">
      <Transition name="Transition60" to="Decision59" relationType="Information" />
    </Decision>
    <Decision name="Decision171" uri="Logic Documents\Market Segment Discount.xml" contextMode="Shared" type="Table">
      <Transition name="Transition195" to="Decision59" relationType="Information" />
    </Decision>
    <InputData name="Car" isOutput="False" type="Car" assembly="Glossaries\InputFact.xml">
      <Transition name="Transition242" to="Decision170" relationType="Information" />
    </InputData>
    <InputData name="Eligibility" isOutput="False" type="Eligibility" assembly="Glossaries\Concept.xml">
      <Transition name="Transition243" to="Decision170" relationType="Information" />
    </InputData>
    <Decision name="Decision59" />
    <InputData name="ClientSegment" isOutput="False" type="string">
      <Transition name="Transition248" to="Decision171" relationType="Information" />
    </InputData>
    <SubDrd name="SubDrd123" skip="MaketSegmentDiscount isnt null" uri="Client Segmentation\Client Segmentation.xml" contextMode="Shared">
      <Transition name="Transition124" to="Decision171" relationType="Information" />
    </SubDrd>
  </Nodes>
</DRD>