<DRD name="Determine Eligibility Score">
  <Nodes>
    <SubDrd name="SubDrd105" uri="Logic Documents\Calculate Eligibility Score.xml" contextMode="Shared">
      <Transition name="Transition109" to="Decision108" relationType="Information" />
    </SubDrd>
    <SubDrd name="SubDrd106" skip="Driver.ClientID is empty or Driver.ClientID is null or Driver.ClientId is 0" uri="Client Segmentation\Client Segmentation.xml" contextMode="Shared">
      <Transition name="Transition107" to="SubDrd105" relationType="Information" />
    </SubDrd>
    <Decision name="Decision108" />
    <InputData name="Car" isOutput="False" type="Car" assembly="Glossaries\InputFact.xml">
      <Transition name="Transition111" to="Decision108" relationType="Information" />
    </InputData>
    <InputData name="Driver" isOutput="False" type="Driver" assembly="Glossaries\InputFact.xml">
      <Transition name="Transition113" to="Decision108" relationType="Information" />
    </InputData>
  </Nodes>
</DRD>