<Nodes version="2">
  <NodeInfo name="Determine Eligibility Score" type="DRD" />
  <NodeInfo name="SubDrd105" type="SubDrd">
    <Label>
      <Text>Calculate Eligibility Score</Text>
      <Font>
        <Name>Microsoft Sans Serif</Name>
        <Style>Regular</Style>
        <Size>9</Size>
      </Font>
      <Size>
        <Width>20</Width>
        <Height>12.26041</Height>
      </Size>
      <Location>
        <X>55.48853</X>
        <Y>34.70625</Y>
      </Location>
      <Alignment>
        <Vertical>Center</Vertical>
        <Horizontal>Center</Horizontal>
      </Alignment>
    </Label>
    <Image></Image>
    <ImageAlign>Center</ImageAlign>
    <FillColorFrom>-2624513</FillColorFrom>
    <FillColorTo>-2624513</FillColorTo>
    <Border>
      <Color>-16777216</Color>
      <Width>0.3</Width>
    </Border>
    <Location>
      <X>54.59583</X>
      <Y>33.9125</Y>
    </Location>
    <Size>
      <Width>21.78542</Width>
      <Height>12.525</Height>
    </Size>
  </NodeInfo>
  <NodeInfo name="SubDrd106" type="SubDrd">
    <Label>
      <Text>Determine Client Segment</Text>
      <Font>
        <Name>Microsoft Sans Serif</Name>
        <Style>Regular</Style>
        <Size>9</Size>
      </Font>
      <Size>
        <Width>20</Width>
        <Height>10.95197</Height>
      </Size>
      <Location>
        <X>56.0177</X>
        <Y>58.84375</Y>
      </Location>
      <Alignment>
        <Vertical>Center</Vertical>
        <Horizontal>Center</Horizontal>
      </Alignment>
    </Label>
    <Image></Image>
    <ImageAlign>Center</ImageAlign>
    <FillColorFrom>-2624513</FillColorFrom>
    <FillColorTo>-2624513</FillColorTo>
    <Border>
      <Color>-16777216</Color>
      <Width>0.3</Width>
    </Border>
    <Location>
      <X>54.59583</X>
      <Y>57.41447</Y>
    </Location>
    <Size>
      <Width>21.78542</Width>
      <Height>12.525</Height>
    </Size>
  </NodeInfo>
  <NodeInfo name="Decision108" type="Decision">
    <Label>
      <Text>Determine
Eligibility
Score</Text>
      <Font>
        <Name>Microsoft Sans Serif</Name>
        <Style>Regular</Style>
        <Size>9</Size>
      </Font>
      <Size>
        <Width>20</Width>
        <Height>12.525</Height>
      </Size>
      <Location>
        <X>55.48853</X>
        <Y>8.172918</Y>
      </Location>
      <Alignment>
        <Vertical>Center</Vertical>
        <Horizontal>Center</Horizontal>
      </Alignment>
    </Label>
    <Image></Image>
    <ImageAlign>Center</ImageAlign>
    <FillColorFrom>-7876870</FillColorFrom>
    <FillColorTo>-7876870</FillColorTo>
    <Border>
      <Color>-16777216</Color>
      <Width>0.3</Width>
    </Border>
    <Location>
      <X>54.59583</X>
      <Y>8.172918</Y>
    </Location>
    <Size>
      <Width>21.78542</Width>
      <Height>12.525</Height>
    </Size>
  </NodeInfo>
  <NodeInfo name="Car" type="InputData">
    <Label>
      <Text>Car</Text>
      <Font>
        <Name>Microsoft Sans Serif</Name>
        <Style>Regular</Style>
        <Size>9</Size>
      </Font>
      <Size>
        <Width>20</Width>
        <Height>10</Height>
      </Size>
      <Location>
        <X>18.43125</X>
        <Y>9.435417</Y>
      </Location>
      <Alignment>
        <Vertical>Center</Vertical>
        <Horizontal>Center</Horizontal>
      </Alignment>
    </Label>
    <Image></Image>
    <ImageAlign>Center</ImageAlign>
    <FillColorFrom>-2572328</FillColorFrom>
    <FillColorTo>-2572328</FillColorTo>
    <Border>
      <Color>-16777216</Color>
      <Width>0.3</Width>
    </Border>
    <Location>
      <X>18.43125</X>
      <Y>9.435417</Y>
    </Location>
    <Size>
      <Width>20</Width>
      <Height>10</Height>
    </Size>
  </NodeInfo>
  <NodeInfo name="Driver" type="InputData">
    <Label>
      <Text>Driver</Text>
      <Font>
        <Name>Microsoft Sans Serif</Name>
        <Style>Regular</Style>
        <Size>9</Size>
      </Font>
      <Size>
        <Width>20</Width>
        <Height>10</Height>
      </Size>
      <Location>
        <X>90.39796</X>
        <Y>9.435417</Y>
      </Location>
      <Alignment>
        <Vertical>Center</Vertical>
        <Horizontal>Center</Horizontal>
      </Alignment>
    </Label>
    <Image></Image>
    <ImageAlign>Center</ImageAlign>
    <FillColorFrom>-2572328</FillColorFrom>
    <FillColorTo>-2572328</FillColorTo>
    <Border>
      <Color>-16777216</Color>
      <Width>0.3</Width>
    </Border>
    <Location>
      <X>90.39796</X>
      <Y>9.435417</Y>
    </Location>
    <Size>
      <Width>20</Width>
      <Height>10</Height>
    </Size>
  </NodeInfo>
  <NodeInfo name="Transition109" type="Transition">
    <Label>
      <Text></Text>
      <Font>
        <Name>Microsoft Sans Serif</Name>
        <Style>Regular</Style>
        <Size>9</Size>
      </Font>
    </Label>
    <FillColorFrom>-9868951</FillColorFrom>
    <FillColorTo>-9868951</FillColorTo>
    <Border>
      <Color>-16777216</Color>
      <Width>0.3</Width>
    </Border>
    <Location>
      <X>65.18854</X>
      <Y>20.39792</Y>
    </Location>
    <Size>
      <Width>0.6000061</Width>
      <Height>13.81458</Height>
    </Size>
    <Shape>Polyline</Shape>
    <SegmentCount>1</SegmentCount>
    <Anchors>
      <Origin>-1</Origin>
      <Destination>-1</Destination>
    </Anchors>
    <Head>Triangle</Head>
    <Pen>0/#FF000000/0.3/0/0//0/0/10/</Pen>
    <Points>
      <Point>
        <X>65.48854</X>
        <Y>33.9125</Y>
      </Point>
      <Point>
        <X>65.48854</X>
        <Y>20.69792</Y>
      </Point>
      <Start>
        <X>65.48854</X>
        <Y>33.9125</Y>
      </Start>
      <End>
        <X>65.48854</X>
        <Y>20.69792</Y>
      </End>
    </Points>
  </NodeInfo>
  <NodeInfo name="Transition107" type="Transition">
    <Label>
      <Text></Text>
      <Font>
        <Name>Microsoft Sans Serif</Name>
        <Style>Regular</Style>
        <Size>9</Size>
      </Font>
    </Label>
    <FillColorFrom>-9868951</FillColorFrom>
    <FillColorTo>-9868951</FillColorTo>
    <Border>
      <Color>-16777216</Color>
      <Width>0.3</Width>
    </Border>
    <Location>
      <X>65.17815</X>
      <Y>46.1375</Y>
    </Location>
    <Size>
      <Width>0.6103973</Width>
      <Height>11.57697</Height>
    </Size>
    <Shape>Polyline</Shape>
    <SegmentCount>1</SegmentCount>
    <Anchors>
      <Origin>-1</Origin>
      <Destination>-1</Destination>
    </Anchors>
    <Head>Triangle</Head>
    <Pen>0/#FF000000/0.3/0/0//0/0/10/</Pen>
    <Points>
      <Point>
        <X>65.48854</X>
        <Y>57.41447</Y>
      </Point>
      <Point>
        <X>65.47815</X>
        <Y>46.4375</Y>
      </Point>
      <Start>
        <X>65.48854</X>
        <Y>57.41447</Y>
      </Start>
      <End>
        <X>65.47815</X>
        <Y>46.4375</Y>
      </End>
    </Points>
  </NodeInfo>
  <NodeInfo name="Transition111" type="Transition">
    <Label>
      <Text></Text>
      <Font>
        <Name>Microsoft Sans Serif</Name>
        <Style>Regular</Style>
        <Size>9</Size>
      </Font>
    </Label>
    <FillColorFrom>-9868951</FillColorFrom>
    <FillColorTo>-9868951</FillColorTo>
    <Border>
      <Color>-16777216</Color>
      <Width>0.3</Width>
    </Border>
    <Location>
      <X>38.13714</X>
      <Y>14.13542</Y>
    </Location>
    <Size>
      <Width>16.75869</Width>
      <Height>0.6000004</Height>
    </Size>
    <Shape>Polyline</Shape>
    <SegmentCount>1</SegmentCount>
    <Anchors>
      <Origin>-1</Origin>
      <Destination>-1</Destination>
    </Anchors>
    <Head>Triangle</Head>
    <Pen>0/#FF000000/0.3/0/0//0/0/10/</Pen>
    <Points>
      <Point>
        <X>38.43714</X>
        <Y>14.43542</Y>
      </Point>
      <Point>
        <X>54.59583</X>
        <Y>14.43542</Y>
      </Point>
      <Start>
        <X>38.43714</X>
        <Y>14.43542</Y>
      </Start>
      <End>
        <X>54.59583</X>
        <Y>14.43542</Y>
      </End>
    </Points>
  </NodeInfo>
  <NodeInfo name="Transition113" type="Transition">
    <Label>
      <Text></Text>
      <Font>
        <Name>Microsoft Sans Serif</Name>
        <Style>Regular</Style>
        <Size>9</Size>
      </Font>
    </Label>
    <FillColorFrom>-9868951</FillColorFrom>
    <FillColorTo>-9868951</FillColorTo>
    <Border>
      <Color>-16777216</Color>
      <Width>0.3</Width>
    </Border>
    <Location>
      <X>76.08125</X>
      <Y>14.13538</Y>
    </Location>
    <Size>
      <Width>14.65668</Width>
      <Height>0.6000204</Height>
    </Size>
    <Shape>Polyline</Shape>
    <SegmentCount>1</SegmentCount>
    <Anchors>
      <Origin>-1</Origin>
      <Destination>-1</Destination>
    </Anchors>
    <Head>Triangle</Head>
    <Pen>0/#FF000000/0.3/0/0//0/0/10/</Pen>
    <Points>
      <Point>
        <X>90.43793</X>
        <Y>14.43538</Y>
      </Point>
      <Point>
        <X>76.38125</X>
        <Y>14.4354</Y>
      </Point>
      <Start>
        <X>90.43793</X>
        <Y>14.43538</Y>
      </Start>
      <End>
        <X>76.38125</X>
        <Y>14.4354</Y>
      </End>
    </Points>
  </NodeInfo>
</Nodes>