<Flow name="FlowWithOutcome">
  <Declaration>
    <Define name="Eligibility" type="Eligibility" assembly="Glossaries\Concept.xml" direction="Local" />
    <Define name="Car" type="Car" assembly="Glossaries\InputFact.xml" direction="In" />
    <Define name="Driver" type="Driver" assembly="Glossaries\InputFact.xml" direction="In" />
    <Define name="Premium" type="Premium" assembly="Glossaries\Concept.xml" direction="Out" />
    <Define name="IsValid" type="bool" direction="Local" />
    <Define name="Outcome" direction="In" />
  </Declaration>
  <Nodes>
    <Start name="Start231">
      <Transition name="Transition43" to="Activity42" />
    </Start>
    <Activity name="Activity232">
      <CallDrd contextMode="Shared">
        <DrdSource uri="Logic Documents\Calculate Eligibility Score.xml" />
      </CallDrd>
      <Transition name="Transition235" to="Decision234" />
    </Activity>
    <Decision name="Decision234">
      <Transition name="Transition239" to="Activity238" condition="Eligibility.EligibilityScore &gt; 250" />
      <Transition name="Transition293" to="Activity292" condition="Eligibility.EligibilityScore &lt; 100" />
      <Transition name="Transition51" to="Activity50" />
    </Decision>
    <Activity name="Activity238">
      <Notification>
        <Notice message="This client is not eligible for auto insurance." type="Warning" />
      </Notification>
      <Transition name="Transition241" to="Terminate240" />
    </Activity>
    <Terminate name="Terminate240" />
    <Activity name="Activity292">
      <CallDrd contextMode="Shared">
        <DrdSource uri="Logic Documents\Calculate Premium.xml" />
      </CallDrd>
      <Transition name="Transition297" to="Activity75" />
    </Activity>
    <End name="End296" />
    <Activity name="Activity75">
      <CallDrd contextMode="Shared">
        <DrdSource uri="Logic Documents\Calculate Discount.xml" />
      </CallDrd>
      <Transition name="Transition77" to="End296" />
    </Activity>
    <Activity name="Activity42">
      <Validator return="IsValid">
        <ValidatorSource uri="Glossaries\InputFact.xml" />
        <Fact name="Car" value="Car" />
        <Fact name="Driver" value="Driver" />
      </Validator>
      <Transition name="Transition44" to="Activity232" condition="IsValid" />
      <Transition name="Transition46" to="Terminate45" />
    </Activity>
    <Terminate name="Terminate45" />
    <Activity name="Activity50">
      <Transition name="Transition52" to="Activity292" condition="Outcome==&quot;Eligible&quot;" />
      <Transition name="Transition53" to="Activity238" />
    </Activity>
  </Nodes>
</Flow>