<Natural name="Potential Theft Category-NL">
  <Declaration>
    <Define name="Eligibility" type="Eligibility" assembly="Glossaries\Concept.xml" direction="Local" value="{}" />
    <Define name="Car" type="Car" assembly="Glossaries\InputFact.xml" direction="In" />
  </Declaration>
  <Glossary>
    <GlossarySource uri="Glossaries\Rating-BusinessGlossary.xml" />
  </Glossary>
  <Dsl>given Car


when  
@processAll true

	r1 and
	r2 and
	r3 and
	r4 and
	r5
end	


when r1
	Car is Convertible
then
	Theft Rating is High
end


when r2
	Price ge 45000 
	
then
	Theft Rating is High
end


when r3
	Car is listed in HTPA
then
	Theft Rating is High
end


when r4
	Car is not listed in HTPA and
	Price is [20000;45000]
then 
	Theft Rating is Moderate
end


when r5
	Car is not listed in HTPA and
	Price &lt; 20000
then
	Theft Rating is Low
end


when Car is not listed in HTPA
	Car is listed in HTPA is false
end</Dsl>
</Natural>