<Nodes version="2">
  <NodeInfo name="Calculate Premium" type="DRD" />
  <NodeInfo name="Decision265" type="Decision">
    <Label>
      <Text>Calculate Auto Premium For Car</Text>
      <Font>
        <Name>Microsoft Sans Serif</Name>
        <Style>Regular</Style>
        <Size>9</Size>
      </Font>
      <Size>
        <Width>21.42292</Width>
        <Height>15.31874</Height>
      </Size>
      <Location>
        <X>33.71041</X>
        <Y>52.31876</Y>
      </Location>
      <Alignment>
        <Vertical>Center</Vertical>
        <Horizontal>Center</Horizontal>
      </Alignment>
    </Label>
    <Image></Image>
    <ImageAlign>Center</ImageAlign>
    <FillColorFrom>-7876870</FillColorFrom>
    <FillColorTo>-7876870</FillColorTo>
    <Border>
      <Color>-16777216</Color>
      <Width>0.3</Width>
    </Border>
    <Location>
      <X>32.10624</X>
      <Y>52.31876</Y>
    </Location>
    <Size>
      <Width>26.05417</Width>
      <Height>15.58332</Height>
    </Size>
  </NodeInfo>
  <NodeInfo name="Decision266" type="Decision">
    <Label>
      <Text>Calcuate Auto Premium for Driver</Text>
      <Font>
        <Name>Microsoft Sans Serif</Name>
        <Style>Regular</Style>
        <Size>9</Size>
      </Font>
      <Size>
        <Width>25.4</Width>
        <Height>14.26041</Height>
      </Size>
      <Location>
        <X>72.18333</X>
        <Y>52.31876</Y>
      </Location>
      <Alignment>
        <Vertical>Center</Vertical>
        <Horizontal>Center</Horizontal>
      </Alignment>
    </Label>
    <Image></Image>
    <ImageAlign>Center</ImageAlign>
    <FillColorFrom>-7876870</FillColorFrom>
    <FillColorTo>-7876870</FillColorTo>
    <Border>
      <Color>-16777216</Color>
      <Width>0.3</Width>
    </Border>
    <Location>
      <X>71.39375</X>
      <Y>52.31876</Y>
    </Location>
    <Size>
      <Width>26.05417</Width>
      <Height>15.58332</Height>
    </Size>
  </NodeInfo>
  <NodeInfo name="Decision267" type="Decision">
    <Label>
      <Text>Calculate Auto Premium</Text>
      <Font>
        <Name>Microsoft Sans Serif</Name>
        <Style>Regular</Style>
        <Size>9</Size>
      </Font>
      <Size>
        <Width>22.80834</Width>
        <Height>10.71875</Height>
      </Size>
      <Location>
        <X>48.84582</X>
        <Y>24.11042</Y>
      </Location>
      <Alignment>
        <Vertical>Center</Vertical>
        <Horizontal>Center</Horizontal>
      </Alignment>
    </Label>
    <Image></Image>
    <ImageAlign>Center</ImageAlign>
    <FillColorFrom>-7876870</FillColorFrom>
    <FillColorTo>-7876870</FillColorTo>
    <Border>
      <Color>-16777216</Color>
      <Width>0.3</Width>
    </Border>
    <Location>
      <X>46.51875</X>
      <Y>24.63959</Y>
    </Location>
    <Size>
      <Width>26.24165</Width>
      <Height>10.91665</Height>
    </Size>
  </NodeInfo>
  <NodeInfo name="Car" type="InputData">
    <Label>
      <Text>Car</Text>
      <Font>
        <Name>Microsoft Sans Serif</Name>
        <Style>Regular</Style>
        <Size>9</Size>
      </Font>
      <Size>
        <Width>20</Width>
        <Height>10</Height>
      </Size>
      <Location>
        <X>7.489586</X>
        <Y>25.09791</Y>
      </Location>
      <Alignment>
        <Vertical>Center</Vertical>
        <Horizontal>Center</Horizontal>
      </Alignment>
    </Label>
    <Image></Image>
    <ImageAlign>Center</ImageAlign>
    <FillColorFrom>-2572328</FillColorFrom>
    <FillColorTo>-2572328</FillColorTo>
    <Border>
      <Color>-16777216</Color>
      <Width>0.3</Width>
    </Border>
    <Location>
      <X>7.489586</X>
      <Y>25.09791</Y>
    </Location>
    <Size>
      <Width>20</Width>
      <Height>10</Height>
    </Size>
  </NodeInfo>
  <NodeInfo name="Driver" type="InputData">
    <Label>
      <Text>Driver</Text>
      <Font>
        <Name>Microsoft Sans Serif</Name>
        <Style>Regular</Style>
        <Size>9</Size>
      </Font>
      <Size>
        <Width>20</Width>
        <Height>10</Height>
      </Size>
      <Location>
        <X>94.00832</X>
        <Y>25.09791</Y>
      </Location>
      <Alignment>
        <Vertical>Center</Vertical>
        <Horizontal>Center</Horizontal>
      </Alignment>
    </Label>
    <Image></Image>
    <ImageAlign>Center</ImageAlign>
    <FillColorFrom>-2572328</FillColorFrom>
    <FillColorTo>-2572328</FillColorTo>
    <Border>
      <Color>-16777216</Color>
      <Width>0.3</Width>
    </Border>
    <Location>
      <X>94.00832</X>
      <Y>25.09791</Y>
    </Location>
    <Size>
      <Width>20</Width>
      <Height>10</Height>
    </Size>
  </NodeInfo>
  <NodeInfo name="Transition268" type="Transition">
    <Label>
      <Text></Text>
      <Font>
        <Name>Microsoft Sans Serif</Name>
        <Style>Regular</Style>
        <Size>9</Size>
      </Font>
    </Label>
    <FillColorFrom>-9868951</FillColorFrom>
    <FillColorTo>-9868951</FillColorTo>
    <Border>
      <Color>-16777216</Color>
      <Width>0.3</Width>
    </Border>
    <Location>
      <X>48.60515</X>
      <Y>35.25624</Y>
    </Location>
    <Size>
      <Width>8.706059</Width>
      <Height>17.36252</Height>
    </Size>
    <Shape>Polyline</Shape>
    <SegmentCount>1</SegmentCount>
    <Anchors>
      <Origin>-1</Origin>
      <Destination>-1</Destination>
    </Anchors>
    <Head>Triangle</Head>
    <Pen>0/#FF000000/0.3/0/0//0/0/10/</Pen>
    <Points>
      <Point>
        <X>48.90515</X>
        <Y>52.31876</Y>
      </Point>
      <Point>
        <X>57.01121</X>
        <Y>35.55624</Y>
      </Point>
      <Start>
        <X>48.90515</X>
        <Y>52.31876</Y>
      </Start>
      <End>
        <X>57.01121</X>
        <Y>35.55624</Y>
      </End>
    </Points>
  </NodeInfo>
  <NodeInfo name="Transition269" type="Transition">
    <Label>
      <Text></Text>
      <Font>
        <Name>Microsoft Sans Serif</Name>
        <Style>Regular</Style>
        <Size>9</Size>
      </Font>
    </Label>
    <FillColorFrom>-9868951</FillColorFrom>
    <FillColorTo>-9868951</FillColorTo>
    <Border>
      <Color>-16777216</Color>
      <Width>0.3</Width>
    </Border>
    <Location>
      <X>63.85636</X>
      <Y>35.25624</Y>
    </Location>
    <Size>
      <Width>14.43673</Width>
      <Height>17.36252</Height>
    </Size>
    <Shape>Polyline</Shape>
    <SegmentCount>1</SegmentCount>
    <Anchors>
      <Origin>-1</Origin>
      <Destination>-1</Destination>
    </Anchors>
    <Head>Triangle</Head>
    <Pen>0/#FF000000/0.3/0/0//0/0/10/</Pen>
    <Points>
      <Point>
        <X>77.99308</X>
        <Y>52.31876</Y>
      </Point>
      <Point>
        <X>64.15636</X>
        <Y>35.55624</Y>
      </Point>
      <Start>
        <X>77.99308</X>
        <Y>52.31876</Y>
      </Start>
      <End>
        <X>64.15636</X>
        <Y>35.55624</Y>
      </End>
    </Points>
  </NodeInfo>
  <NodeInfo name="Transition166" type="Transition">
    <Label>
      <Text></Text>
      <Font>
        <Name>Microsoft Sans Serif</Name>
        <Style>Regular</Style>
        <Size>9</Size>
      </Font>
    </Label>
    <FillColorFrom>-9868951</FillColorFrom>
    <FillColorTo>-9868951</FillColorTo>
    <Border>
      <Color>-16777216</Color>
      <Width>0.3</Width>
    </Border>
    <Location>
      <X>27.19533</X>
      <Y>29.79791</Y>
    </Location>
    <Size>
      <Width>19.62342</Width>
      <Height>0.5999985</Height>
    </Size>
    <Shape>Polyline</Shape>
    <SegmentCount>1</SegmentCount>
    <Anchors>
      <Origin>-1</Origin>
      <Destination>-1</Destination>
    </Anchors>
    <Head>Triangle</Head>
    <Pen>0/#FF000000/0.3/0/0//0/0/10/</Pen>
    <Points>
      <Point>
        <X>27.49533</X>
        <Y>30.09791</Y>
      </Point>
      <Point>
        <X>46.51875</X>
        <Y>30.09791</Y>
      </Point>
      <Start>
        <X>27.49533</X>
        <Y>30.09791</Y>
      </Start>
      <End>
        <X>46.51875</X>
        <Y>30.09791</Y>
      </End>
    </Points>
  </NodeInfo>
  <NodeInfo name="Transition168" type="Transition">
    <Label>
      <Text></Text>
      <Font>
        <Name>Microsoft Sans Serif</Name>
        <Style>Regular</Style>
        <Size>9</Size>
      </Font>
    </Label>
    <FillColorFrom>-9868951</FillColorFrom>
    <FillColorTo>-9868951</FillColorTo>
    <Border>
      <Color>-16777216</Color>
      <Width>0.3</Width>
    </Border>
    <Location>
      <X>72.4604</X>
      <Y>29.79791</Y>
    </Location>
    <Size>
      <Width>21.90771</Width>
      <Height>0.5999985</Height>
    </Size>
    <Shape>Polyline</Shape>
    <SegmentCount>1</SegmentCount>
    <Anchors>
      <Origin>-1</Origin>
      <Destination>-1</Destination>
    </Anchors>
    <Head>Triangle</Head>
    <Pen>0/#FF000000/0.3/0/0//0/0/10/</Pen>
    <Points>
      <Point>
        <X>94.06811</X>
        <Y>30.09791</Y>
      </Point>
      <Point>
        <X>72.7604</X>
        <Y>30.09791</Y>
      </Point>
      <Start>
        <X>94.06811</X>
        <Y>30.09791</Y>
      </Start>
      <End>
        <X>72.7604</X>
        <Y>30.09791</Y>
      </End>
    </Points>
  </NodeInfo>
</Nodes>