<workbook>
  <worksheets>
    <worksheet name="Sheet1" defaultColumnWidth="48pt" defaultRowHeight="14.25pt" frozenRows="3">
      <columnStyles>
        <region>
          <lines>
            <l ymin="0" ymax="1">
              <segments>
                <s p="0" s="1" />
                <s p="1" s="0" />
              </segments>
            </l>
          </lines>
          <bounds x="0" y="0" width="1" height="1" />
          <style t="1">
            <width>88.5pt</width>
            <hidden>0</hidden>
            <conditionalFormats />
          </style>
        </region>
        <region>
          <lines>
            <l ymin="0" ymax="1">
              <segments>
                <s p="1" s="1" />
                <s p="2" s="0" />
              </segments>
            </l>
          </lines>
          <bounds x="1" y="0" width="1" height="1" />
          <style t="1">
            <width>58.5pt</width>
            <hidden>0</hidden>
            <conditionalFormats />
          </style>
        </region>
        <region>
          <lines>
            <l ymin="0" ymax="1">
              <segments>
                <s p="2" s="1" />
                <s p="3" s="0" />
              </segments>
            </l>
          </lines>
          <bounds x="2" y="0" width="1" height="1" />
          <style t="1">
            <width>62.25pt</width>
            <hidden>0</hidden>
            <conditionalFormats />
          </style>
        </region>
        <region>
          <lines>
            <l ymin="0" ymax="1">
              <segments>
                <s p="3" s="1" />
                <s p="1024" s="0" />
              </segments>
            </l>
          </lines>
          <bounds x="3" y="0" width="1021" height="1" />
          <style t="1">
            <hidden>1</hidden>
            <conditionalFormats />
          </style>
        </region>
      </columnStyles>
      <rowStyles>
        <region>
          <lines>
            <l ymin="0" ymax="1">
              <segments>
                <s p="1" s="1" />
                <s p="2" s="0" />
              </segments>
            </l>
          </lines>
          <bounds x="1" y="0" width="1" height="1" />
          <style t="2">
            <hidden>0</hidden>
            <outlineLevel>1</outlineLevel>
            <conditionalFormats />
            <fontSize>8</fontSize>
            <fontItalic>1</fontItalic>
            <halign>2</halign>
          </style>
        </region>
        <region>
          <lines>
            <l ymin="0" ymax="1">
              <segments>
                <s p="3" s="1" />
                <s p="4" s="0" />
              </segments>
            </l>
          </lines>
          <bounds x="3" y="0" width="1" height="1" />
          <style t="2">
            <height>14.25pt</height>
            <conditionalFormats />
            <fontName>Segoe UI</fontName>
            <fontSize>9</fontSize>
            <indent>2px</indent>
          </style>
        </region>
        <region>
          <lines>
            <l ymin="0" ymax="1">
              <segments>
                <s p="4" s="1" />
                <s p="6" s="0" />
                <s p="6" s="1" />
                <s p="7" s="0" />
              </segments>
            </l>
          </lines>
          <bounds x="4" y="0" width="3" height="1" />
          <style t="2">
            <height>14.25pt</height>
            <conditionalFormats />
            <fontName>Segoe UI</fontName>
            <fontSize>9</fontSize>
            <indent>2px</indent>
          </style>
        </region>
        <region>
          <lines>
            <l ymin="0" ymax="1">
              <segments>
                <s p="0" s="1" />
                <s p="1" s="0" />
              </segments>
            </l>
          </lines>
          <bounds x="0" y="0" width="1" height="1" />
          <style t="2">
            <height>28.5pt</height>
            <conditionalFormats />
            <fontBold>1</fontBold>
            <halign>2</halign>
            <valign>2</valign>
            <wrapText>1</wrapText>
          </style>
        </region>
        <region>
          <lines>
            <l ymin="0" ymax="1">
              <segments>
                <s p="2" s="1" />
                <s p="3" s="0" />
              </segments>
            </l>
          </lines>
          <bounds x="2" y="0" width="1" height="1" />
          <style t="2">
            <hidden>0</hidden>
            <outlineLevel>1</outlineLevel>
            <conditionalFormats />
            <fontSize>8</fontSize>
            <fontItalic>1</fontItalic>
          </style>
        </region>
        <region>
          <lines>
            <l ymin="0" ymax="1">
              <segments>
                <s p="7" s="1" />
                <s p="1048576" s="0" />
              </segments>
            </l>
          </lines>
          <bounds x="7" y="0" width="1048569" height="1" />
          <style t="2">
            <hidden>1</hidden>
            <conditionalFormats />
          </style>
        </region>
      </rowStyles>
      <styles>
        <region>
          <lines>
            <l ymin="3" ymax="6">
              <segments>
                <s p="0" s="1" />
                <s p="3" s="0" />
              </segments>
            </l>
            <l ymin="6" ymax="7">
              <segments>
                <s p="0" s="1" />
                <s p="2" s="0" />
                <s p="2" s="1" />
                <s p="3" s="0" />
              </segments>
            </l>
          </lines>
          <bounds x="0" y="3" width="3" height="4" />
          <style t="0">
            <conditionalFormats />
            <halign>1</halign>
          </style>
        </region>
        <region>
          <lines>
            <l ymin="0" ymax="3">
              <segments>
                <s p="2" s="1" />
                <s p="3" s="0" />
              </segments>
            </l>
          </lines>
          <bounds x="2" y="0" width="1" height="3" />
          <style t="0">
            <conditionalFormats />
            <background id="0" />
          </style>
        </region>
        <region>
          <lines>
            <l ymin="0" ymax="2">
              <segments>
                <s p="0" s="1" />
                <s p="2" s="0" />
              </segments>
            </l>
            <l ymin="2" ymax="3">
              <segments>
                <s p="0" s="1" />
                <s p="1" s="0" />
                <s p="1" s="1" />
                <s p="2" s="0" />
              </segments>
            </l>
          </lines>
          <bounds x="0" y="0" width="2" height="3" />
          <style t="0">
            <conditionalFormats />
            <background id="1" />
          </style>
        </region>
      </styles>
      <mergedCells />
      <columns>
        <column n="0" pageBreak="0" collapsed="0">
          <tag />
        </column>
        <column n="1" pageBreak="0" collapsed="0">
          <tag />
        </column>
        <column n="2" pageBreak="0" collapsed="0">
          <tag />
        </column>
      </columns>
      <data>
        <row r="0" title="SingleHit" pageBreak="0" collapsed="0">
          <c c="0">
            <v t="23">1</v>
          </c>
          <c c="1">
            <v t="23">2</v>
          </c>
          <c c="2">
            <v t="23">3</v>
          </c>
        </row>
        <row r="1" title="" pageBreak="0" collapsed="0">
          <c c="0">
            <v t="23">4</v>
          </c>
          <c c="1">
            <v t="23">4</v>
          </c>
          <c c="2">
            <v t="23">5</v>
          </c>
        </row>
        <row r="2" title="" pageBreak="0" collapsed="0">
          <c c="0">
            <v t="23">6</v>
          </c>
          <c c="1">
            <v t="23">7</v>
          </c>
          <c c="2">
            <v t="23">8</v>
          </c>
        </row>
        <row r="3" title="1" pageBreak="0" collapsed="0">
          <c c="0">
            <v t="23">9</v>
          </c>
          <c c="1">
            <v t="23">10</v>
          </c>
          <c c="2">
            <v t="23">11</v>
          </c>
        </row>
        <row r="4" title="2" pageBreak="0" collapsed="0">
          <c c="0">
            <v t="23">12</v>
          </c>
          <c c="1">
            <v t="23">10</v>
          </c>
          <c c="2">
            <v t="23">13</v>
          </c>
        </row>
        <row r="5" title="3" pageBreak="0" collapsed="0">
          <c c="0">
            <v t="23">10</v>
          </c>
          <c c="1">
            <v t="23">12</v>
          </c>
          <c c="2">
            <v t="23">13</v>
          </c>
        </row>
        <row r="6" title="4" pageBreak="0" collapsed="0">
          <c c="0">
            <v t="23">10</v>
          </c>
          <c c="1">
            <v t="23">10</v>
          </c>
          <c c="2">
            <v t="23">14</v>
          </c>
        </row>
      </data>
      <hyperlinks />
      <drawing />
    </worksheet>
  </worksheets>
  <resources>
    <sharedStrings />
    <brushes>
      <brush n="0" t="solid">
        <color>#FFFFE0C0</color>
      </brush>
      <brush n="1" t="solid">
        <color>#FFC0FFC0</color>
      </brush>
    </brushes>
    <images />
  </resources>
  <namedRanges />
  <FlexRule>
    <Columns>
      <Add name="Potential Occupant Injury Rating" description="" />
      <Add name="Potential Theft Rating" description="" />
      <Add name="Auto Eligibility" description="" />
    </Columns>
  </FlexRule>
</workbook>