<Nodes version="2">
  <NodeInfo name="Workflow" type="Workflow" />
  <NodeInfo name="Start231" type="Start">
    <Label>
      <Text></Text>
      <Font>
        <Name>Microsoft Sans Serif</Name>
        <Style>Regular</Style>
        <Size>9</Size>
      </Font>
      <Size>
        <Width>7</Width>
        <Height>7</Height>
      </Size>
      <Location>
        <X>64.73334</X>
        <Y>82.98957</Y>
      </Location>
      <Alignment>
        <Vertical>Center</Vertical>
        <Horizontal>Center</Horizontal>
      </Alignment>
    </Label>
    <Image></Image>
    <ImageAlign>Center</ImageAlign>
    <FillColorFrom>-4139365</FillColorFrom>
    <FillColorTo>-4139365</FillColorTo>
    <Border>
      <Color>-16777216</Color>
      <Width>0.3</Width>
    </Border>
    <Location>
      <X>64.73334</X>
      <Y>82.98957</Y>
    </Location>
    <Size>
      <Width>7</Width>
      <Height>7</Height>
    </Size>
  </NodeInfo>
  <NodeInfo name="Activity232" type="Activity">
    <Label>
      <Text>Calculate Eligibility Score</Text>
      <Font>
        <Name>Microsoft Sans Serif</Name>
        <Style>Regular</Style>
        <Size>9</Size>
      </Font>
      <Size>
        <Width>15</Width>
        <Height>15</Height>
      </Size>
      <Location>
        <X>90.9948</X>
        <Y>80.57707</Y>
      </Location>
      <Alignment>
        <Vertical>Center</Vertical>
        <Horizontal>Center</Horizontal>
      </Alignment>
    </Label>
    <Image></Image>
    <ImageAlign>Center</ImageAlign>
    <FillColorFrom>-2624513</FillColorFrom>
    <FillColorTo>-2624513</FillColorTo>
    <Border>
      <Color>-16777216</Color>
      <Width>0.3</Width>
    </Border>
    <Location>
      <X>88.15208</X>
      <Y>78.98957</Y>
    </Location>
    <Size>
      <Width>20.15624</Width>
      <Height>15.49792</Height>
    </Size>
  </NodeInfo>
  <NodeInfo name="Decision234" type="Decision">
    <Label>
      <Text></Text>
      <Font>
        <Name>Microsoft Sans Serif</Name>
        <Style>Regular</Style>
        <Size>9</Size>
      </Font>
      <Size>
        <Width>10</Width>
        <Height>10</Height>
      </Size>
      <Location>
        <X>133.3572</X>
        <Y>81.48957</Y>
      </Location>
      <Alignment>
        <Vertical>Center</Vertical>
        <Horizontal>Center</Horizontal>
      </Alignment>
    </Label>
    <Image></Image>
    <ImageAlign>Center</ImageAlign>
    <FillColorFrom>-343921</FillColorFrom>
    <FillColorTo>-343921</FillColorTo>
    <Border>
      <Color>-16777216</Color>
      <Width>0.3</Width>
    </Border>
    <Location>
      <X>132.8885</X>
      <Y>81.48957</Y>
    </Location>
    <Size>
      <Width>10.9375</Width>
      <Height>10</Height>
    </Size>
  </NodeInfo>
  <NodeInfo name="HumanTask236" type="Task">
    <Label>
      <Text>Underwriting Manager's
Decision</Text>
      <Font>
        <Name>Microsoft Sans Serif</Name>
        <Style>Regular</Style>
        <Size>9</Size>
      </Font>
      <Size>
        <Width>20</Width>
        <Height>12.48333</Height>
      </Size>
      <Location>
        <X>170.5563</X>
        <Y>80.11562</Y>
      </Location>
      <Alignment>
        <Vertical>Center</Vertical>
        <Horizontal>Center</Horizontal>
      </Alignment>
    </Label>
    <Image></Image>
    <ImageAlign>Center</ImageAlign>
    <FillColorFrom>-983041</FillColorFrom>
    <FillColorTo>-983041</FillColorTo>
    <Border>
      <Color>-16777216</Color>
      <Width>0.3</Width>
    </Border>
    <Location>
      <X>169.5084</X>
      <Y>80.11562</Y>
    </Location>
    <Size>
      <Width>22.09578</Width>
      <Height>12.74791</Height>
    </Size>
  </NodeInfo>
  <NodeInfo name="Activity238" type="Activity">
    <Label>
      <Text>Notification</Text>
      <Font>
        <Name>Microsoft Sans Serif</Name>
        <Style>Regular</Style>
        <Size>9</Size>
      </Font>
      <Size>
        <Width>18.72084</Width>
        <Height>10</Height>
      </Size>
      <Location>
        <X>129.1239</X>
        <Y>106.2729</Y>
      </Location>
      <Alignment>
        <Vertical>Center</Vertical>
        <Horizontal>Center</Horizontal>
      </Alignment>
    </Label>
    <Image></Image>
    <ImageAlign>Center</ImageAlign>
    <FillColorFrom>-272971</FillColorFrom>
    <FillColorTo>-272971</FillColorTo>
    <Border>
      <Color>-16777216</Color>
      <Width>0.3</Width>
    </Border>
    <Location>
      <X>131.7051</X>
      <Y>105.7437</Y>
    </Location>
    <Size>
      <Width>13.30418</Width>
      <Height>11.0125</Height>
    </Size>
  </NodeInfo>
  <NodeInfo name="Terminate240" type="Terminate">
    <Label>
      <Text></Text>
      <Font>
        <Name>Microsoft Sans Serif</Name>
        <Style>Regular</Style>
        <Size>9</Size>
      </Font>
      <Size>
        <Width>7</Width>
        <Height>7</Height>
      </Size>
      <Location>
        <X>134.8572</X>
        <Y>121.8833</Y>
      </Location>
      <Alignment>
        <Vertical>Center</Vertical>
        <Horizontal>Center</Horizontal>
      </Alignment>
    </Label>
    <Image></Image>
    <ImageAlign>Center</ImageAlign>
    <FillColorFrom>-2517356</FillColorFrom>
    <FillColorTo>-2517356</FillColorTo>
    <Border>
      <Color>-16777216</Color>
      <Width>0.3</Width>
    </Border>
    <Location>
      <X>134.8572</X>
      <Y>121.8833</Y>
    </Location>
    <Size>
      <Width>7</Width>
      <Height>7.000008</Height>
    </Size>
  </NodeInfo>
  <NodeInfo name="Activity292" type="Activity">
    <Label>
      <Text>Calculate Premium</Text>
      <Font>
        <Name>Microsoft Sans Serif</Name>
        <Style>Regular</Style>
        <Size>9</Size>
      </Font>
      <Size>
        <Width>15</Width>
        <Height>15</Height>
      </Size>
      <Location>
        <X>130.8572</X>
        <Y>55.20833</Y>
      </Location>
      <Alignment>
        <Vertical>Center</Vertical>
        <Horizontal>Center</Horizontal>
      </Alignment>
    </Label>
    <Image></Image>
    <ImageAlign>Center</ImageAlign>
    <FillColorFrom>-2624513</FillColorFrom>
    <FillColorTo>-2624513</FillColorTo>
    <Border>
      <Color>-16777216</Color>
      <Width>0.3</Width>
    </Border>
    <Location>
      <X>128.2791</X>
      <Y>55.20833</Y>
    </Location>
    <Size>
      <Width>20.15624</Width>
      <Height>15.49792</Height>
    </Size>
  </NodeInfo>
  <NodeInfo name="End296" type="End">
    <Label>
      <Text></Text>
      <Font>
        <Name>Microsoft Sans Serif</Name>
        <Style>Regular</Style>
        <Size>9</Size>
      </Font>
      <Size>
        <Width>7</Width>
        <Height>7</Height>
      </Size>
      <Location>
        <X>134.8572</X>
        <Y>16.31458</Y>
      </Location>
      <Alignment>
        <Vertical>Center</Vertical>
        <Horizontal>Center</Horizontal>
      </Alignment>
    </Label>
    <Image></Image>
    <ImageAlign>Center</ImageAlign>
    <FillColorFrom>-2517356</FillColorFrom>
    <FillColorTo>-2517356</FillColorTo>
    <Border>
      <Color>-16777216</Color>
      <Width>0.3</Width>
    </Border>
    <Location>
      <X>134.8572</X>
      <Y>16.31458</Y>
    </Location>
    <Size>
      <Width>7</Width>
      <Height>7.000002</Height>
    </Size>
  </NodeInfo>
  <NodeInfo name="Activity75" type="Activity">
    <Label>
      <Text>Apply Discount</Text>
      <Font>
        <Name>Microsoft Sans Serif</Name>
        <Style>Regular</Style>
        <Size>9</Size>
      </Font>
      <Size>
        <Width>15</Width>
        <Height>15</Height>
      </Size>
      <Location>
        <X>130.8572</X>
        <Y>28.79583</Y>
      </Location>
      <Alignment>
        <Vertical>Center</Vertical>
        <Horizontal>Center</Horizontal>
      </Alignment>
    </Label>
    <Image></Image>
    <ImageAlign>Center</ImageAlign>
    <FillColorFrom>-2624513</FillColorFrom>
    <FillColorTo>-2624513</FillColorTo>
    <Border>
      <Color>-16777216</Color>
      <Width>0.3</Width>
    </Border>
    <Location>
      <X>128.2791</X>
      <Y>28.79583</Y>
    </Location>
    <Size>
      <Width>20.15624</Width>
      <Height>15.49792</Height>
    </Size>
  </NodeInfo>
  <NodeInfo name="Transition233" type="Transition">
    <Label>
      <Text></Text>
      <Font>
        <Name>Microsoft Sans Serif</Name>
        <Style>Regular</Style>
        <Size>9</Size>
      </Font>
    </Label>
    <FillColorFrom>-9868951</FillColorFrom>
    <FillColorTo>-9868951</FillColorTo>
    <Border>
      <Color>-16777216</Color>
      <Width>0.3</Width>
    </Border>
    <Location>
      <X>71.44659</X>
      <Y>86.21873</Y>
    </Location>
    <Size>
      <Width>17.00549</Width>
      <Height>0.7361526</Height>
    </Size>
    <Shape>Polyline</Shape>
    <SegmentCount>1</SegmentCount>
    <Anchors>
      <Origin>-1</Origin>
      <Destination>-1</Destination>
    </Anchors>
    <Head>Triangle</Head>
    <Pen>0/#FF000000/0.3/0/0//0/0/10/</Pen>
    <Points>
      <Point>
        <X>71.7466</X>
        <Y>86.51873</Y>
      </Point>
      <Point>
        <X>88.15208</X>
        <Y>86.65488</Y>
      </Point>
      <Start>
        <X>71.7466</X>
        <Y>86.51873</Y>
      </Start>
      <End>
        <X>88.15208</X>
        <Y>86.65488</Y>
      </End>
    </Points>
  </NodeInfo>
  <NodeInfo name="Transition235" type="Transition">
    <Label>
      <Text></Text>
      <Font>
        <Name>Microsoft Sans Serif</Name>
        <Style>Regular</Style>
        <Size>9</Size>
      </Font>
    </Label>
    <FillColorFrom>-9868951</FillColorFrom>
    <FillColorTo>-9868951</FillColorTo>
    <Border>
      <Color>-16777216</Color>
      <Width>0.3</Width>
    </Border>
    <Location>
      <X>108.0083</X>
      <Y>86.22327</Y>
    </Location>
    <Size>
      <Width>25.21702</Width>
      <Height>0.7527313</Height>
    </Size>
    <Shape>Polyline</Shape>
    <SegmentCount>1</SegmentCount>
    <Anchors>
      <Origin>-1</Origin>
      <Destination>-1</Destination>
    </Anchors>
    <Head>Triangle</Head>
    <Pen>0/#FF000000/0.3/0/0//0/0/10/</Pen>
    <Points>
      <Point>
        <X>108.3083</X>
        <Y>86.67599</Y>
      </Point>
      <Point>
        <X>132.9253</X>
        <Y>86.52327</Y>
      </Point>
      <Start>
        <X>108.3083</X>
        <Y>86.67599</Y>
      </Start>
      <End>
        <X>132.9253</X>
        <Y>86.52327</Y>
      </End>
    </Points>
  </NodeInfo>
  <NodeInfo name="Transition237" type="Transition">
    <Label>
      <Text></Text>
      <Font>
        <Name>Microsoft Sans Serif</Name>
        <Style>Regular</Style>
        <Size>9</Size>
      </Font>
    </Label>
    <FillColorFrom>-9868951</FillColorFrom>
    <FillColorTo>-9868951</FillColorTo>
    <Border>
      <Color>-16777216</Color>
      <Width>0.3</Width>
    </Border>
    <Location>
      <X>143.526</X>
      <Y>86.18957</Y>
    </Location>
    <Size>
      <Width>26.28244</Width>
      <Height>0.6000137</Height>
    </Size>
    <Shape>Polyline</Shape>
    <SegmentCount>1</SegmentCount>
    <Anchors>
      <Origin>-1</Origin>
      <Destination>-1</Destination>
    </Anchors>
    <Head>Triangle</Head>
    <Pen>0/#FF000000/0.3/0/0//0/0/10/</Pen>
    <Points>
      <Point>
        <X>143.826</X>
        <Y>86.48957</Y>
      </Point>
      <Point>
        <X>169.5084</X>
        <Y>86.48958</Y>
      </Point>
      <Start>
        <X>143.826</X>
        <Y>86.48957</Y>
      </Start>
      <End>
        <X>169.5084</X>
        <Y>86.48958</Y>
      </End>
    </Points>
  </NodeInfo>
  <NodeInfo name="Transition239" type="Transition">
    <Label>
      <Text>Eligibility Score &gt; 250</Text>
      <Font>
        <Name>Microsoft Sans Serif</Name>
        <Style>Regular</Style>
        <Size>9</Size>
      </Font>
    </Label>
    <FillColorFrom>-9868951</FillColorFrom>
    <FillColorTo>-9868951</FillColorTo>
    <Border>
      <Color>-16777216</Color>
      <Width>0.3</Width>
    </Border>
    <Location>
      <X>138.3572</X>
      <Y>91.48957</Y>
    </Location>
    <Size>
      <Width>1.525879E-05</Width>
      <Height>14.25413</Height>
    </Size>
    <Shape>Polyline</Shape>
    <SegmentCount>1</SegmentCount>
    <Anchors>
      <Origin>-1</Origin>
      <Destination>-1</Destination>
    </Anchors>
    <Head>Triangle</Head>
    <Pen>0/#FF000000/0/0/0//0/0/10/</Pen>
    <Points>
      <Point>
        <X>138.3572</X>
        <Y>91.48957</Y>
      </Point>
      <Point>
        <X>138.3572</X>
        <Y>105.7437</Y>
      </Point>
      <Start>
        <X>138.3572</X>
        <Y>91.48957</Y>
      </Start>
      <End>
        <X>138.3572</X>
        <Y>105.7437</Y>
      </End>
    </Points>
  </NodeInfo>
  <NodeInfo name="Transition293" type="Transition">
    <Label>
      <Text>Eligibility Score &lt; 100</Text>
      <Font>
        <Name>Microsoft Sans Serif</Name>
        <Style>Regular</Style>
        <Size>9</Size>
      </Font>
    </Label>
    <FillColorFrom>-9868951</FillColorFrom>
    <FillColorTo>-9868951</FillColorTo>
    <Border>
      <Color>-16777216</Color>
      <Width>0.3</Width>
    </Border>
    <Location>
      <X>138.3572</X>
      <Y>70.70625</Y>
    </Location>
    <Size>
      <Width>1.525879E-05</Width>
      <Height>10.78332</Height>
    </Size>
    <Shape>Polyline</Shape>
    <SegmentCount>1</SegmentCount>
    <Anchors>
      <Origin>-1</Origin>
      <Destination>-1</Destination>
    </Anchors>
    <Head>Triangle</Head>
    <Pen>0/#FF000000/0/0/0//0/0/10/</Pen>
    <Points>
      <Point>
        <X>138.3572</X>
        <Y>81.48956</Y>
      </Point>
      <Point>
        <X>138.3572</X>
        <Y>70.70625</Y>
      </Point>
      <Start>
        <X>138.3572</X>
        <Y>81.48956</Y>
      </Start>
      <End>
        <X>138.3572</X>
        <Y>70.70625</Y>
      </End>
    </Points>
  </NodeInfo>
  <NodeInfo name="Transition294" type="Transition">
    <Label>
      <Text>Eligible</Text>
      <Font>
        <Name>Microsoft Sans Serif</Name>
        <Style>Regular</Style>
        <Size>9</Size>
      </Font>
    </Label>
    <FillColorFrom>-9868951</FillColorFrom>
    <FillColorTo>-9868951</FillColorTo>
    <Border>
      <Color>-16777216</Color>
      <Width>0.3</Width>
    </Border>
    <Location>
      <X>148.1353</X>
      <Y>65.36164</Y>
    </Location>
    <Size>
      <Width>21.67308</Width>
      <Height>15.56039</Height>
    </Size>
    <Shape>Bezier</Shape>
    <SegmentCount>1</SegmentCount>
    <Anchors>
      <Origin>-1</Origin>
      <Destination>-1</Destination>
    </Anchors>
    <Head>Triangle</Head>
    <Pen>0/#FF000000/0.3/0/0//0/0/10/</Pen>
    <Points>
      <Point>
        <X>169.5084</X>
        <Y>80.62202</Y>
      </Point>
      <Point>
        <X>160.7653</X>
        <Y>75.97855</Y>
      </Point>
      <Point>
        <X>161.9708</X>
        <Y>69.29374</Y>
      </Point>
      <Point>
        <X>148.4353</X>
        <Y>65.66164</Y>
      </Point>
      <Start>
        <X>169.5084</X>
        <Y>80.62202</Y>
      </Start>
      <End>
        <X>148.4353</X>
        <Y>65.66164</Y>
      </End>
    </Points>
  </NodeInfo>
  <NodeInfo name="Transition295" type="Transition">
    <Label>
      <Text>


Not Eligible</Text>
      <Font>
        <Name>Microsoft Sans Serif</Name>
        <Style>Regular</Style>
        <Size>9</Size>
      </Font>
    </Label>
    <FillColorFrom>-9868951</FillColorFrom>
    <FillColorTo>-9868951</FillColorTo>
    <Border>
      <Color>-16777216</Color>
      <Width>0.3</Width>
    </Border>
    <Location>
      <X>144.7093</X>
      <Y>92.29871</Y>
    </Location>
    <Size>
      <Width>25.09911</Width>
      <Height>17.53495</Height>
    </Size>
    <Shape>Bezier</Shape>
    <SegmentCount>1</SegmentCount>
    <Anchors>
      <Origin>-1</Origin>
      <Destination>-1</Destination>
    </Anchors>
    <Head>Triangle</Head>
    <Pen>0/#FF000000/0.3/0/0//0/0/10/</Pen>
    <Points>
      <Point>
        <X>169.5084</X>
        <Y>92.59872</Y>
      </Point>
      <Point>
        <X>160.4827</X>
        <Y>97.58965</Y>
      </Point>
      <Point>
        <X>163.5583</X>
        <Y>104.7479</Y>
      </Point>
      <Point>
        <X>145.0093</X>
        <Y>109.5337</Y>
      </Point>
      <Start>
        <X>169.5084</X>
        <Y>92.59872</Y>
      </Start>
      <End>
        <X>145.0093</X>
        <Y>109.5337</Y>
      </End>
    </Points>
  </NodeInfo>
  <NodeInfo name="Transition241" type="Transition">
    <Label>
      <Text></Text>
      <Font>
        <Name>Microsoft Sans Serif</Name>
        <Style>Regular</Style>
        <Size>9</Size>
      </Font>
    </Label>
    <FillColorFrom>-9868951</FillColorFrom>
    <FillColorTo>-9868951</FillColorTo>
    <Border>
      <Color>-16777216</Color>
      <Width>0.3</Width>
    </Border>
    <Location>
      <X>138.0572</X>
      <Y>116.4562</Y>
    </Location>
    <Size>
      <Width>0.6000214</Width>
      <Height>5.784546</Height>
    </Size>
    <Shape>Polyline</Shape>
    <SegmentCount>1</SegmentCount>
    <Anchors>
      <Origin>-1</Origin>
      <Destination>-1</Destination>
    </Anchors>
    <Head>Triangle</Head>
    <Pen>0/#FF000000/0.3/0/0//0/0/10/</Pen>
    <Points>
      <Point>
        <X>138.3572</X>
        <Y>116.7562</Y>
      </Point>
      <Point>
        <X>138.3572</X>
        <Y>121.9407</Y>
      </Point>
      <Start>
        <X>138.3572</X>
        <Y>116.7562</Y>
      </Start>
      <End>
        <X>138.3572</X>
        <Y>121.9407</Y>
      </End>
    </Points>
  </NodeInfo>
  <NodeInfo name="Transition297" type="Transition">
    <Label>
      <Text></Text>
      <Font>
        <Name>Microsoft Sans Serif</Name>
        <Style>Regular</Style>
        <Size>9</Size>
      </Font>
    </Label>
    <FillColorFrom>-9868951</FillColorFrom>
    <FillColorTo>-9868951</FillColorTo>
    <Border>
      <Color>-16777216</Color>
      <Width>0.3</Width>
    </Border>
    <Location>
      <X>138.0572</X>
      <Y>43.99375</Y>
    </Location>
    <Size>
      <Width>0.6000061</Width>
      <Height>11.51458</Height>
    </Size>
    <Shape>Polyline</Shape>
    <SegmentCount>1</SegmentCount>
    <Anchors>
      <Origin>-1</Origin>
      <Destination>-1</Destination>
    </Anchors>
    <Head>Triangle</Head>
    <Pen>0/#FF000000/0.3/0/0//0/0/10/</Pen>
    <Points>
      <Point>
        <X>138.3572</X>
        <Y>55.20833</Y>
      </Point>
      <Point>
        <X>138.3572</X>
        <Y>44.29375</Y>
      </Point>
      <Start>
        <X>138.3572</X>
        <Y>55.20833</Y>
      </Start>
      <End>
        <X>138.3572</X>
        <Y>44.29375</Y>
      </End>
    </Points>
  </NodeInfo>
  <NodeInfo name="Transition77" type="Transition">
    <Label>
      <Text></Text>
      <Font>
        <Name>Microsoft Sans Serif</Name>
        <Style>Regular</Style>
        <Size>9</Size>
      </Font>
    </Label>
    <FillColorFrom>-9868951</FillColorFrom>
    <FillColorTo>-9868951</FillColorTo>
    <Border>
      <Color>-16777216</Color>
      <Width>0.3</Width>
    </Border>
    <Location>
      <X>138.0572</X>
      <Y>23.07096</Y>
    </Location>
    <Size>
      <Width>0.6000061</Width>
      <Height>6.024872</Height>
    </Size>
    <Shape>Polyline</Shape>
    <SegmentCount>1</SegmentCount>
    <Anchors>
      <Origin>-1</Origin>
      <Destination>-1</Destination>
    </Anchors>
    <Head>Triangle</Head>
    <Pen>0/#FF000000/0.3/0/0//0/0/10/</Pen>
    <Points>
      <Point>
        <X>138.3572</X>
        <Y>28.79583</Y>
      </Point>
      <Point>
        <X>138.3572</X>
        <Y>23.37096</Y>
      </Point>
      <Start>
        <X>138.3572</X>
        <Y>28.79583</Y>
      </Start>
      <End>
        <X>138.3572</X>
        <Y>23.37096</Y>
      </End>
    </Points>
  </NodeInfo>
</Nodes>