<Workflow name="Workflow">
  <Declaration>
    <Define name="Eligibility" type="Eligibility" assembly="Glossaries\Concept.xml" direction="Local" />
    <Define name="Car" type="Car" assembly="Glossaries\InputFact.xml" direction="In" />
    <Define name="Driver" type="Driver" assembly="Glossaries\InputFact.xml" direction="In" />
  </Declaration>
  <Nodes>
    <Start name="Start231">
      <Transition name="Transition233" to="Activity232" />
    </Start>
    <Activity name="Activity232">
      <CallDrd contextMode="Shared">
        <DrdSource uri="Determine Eligibility Score.xml" />
      </CallDrd>
      <Transition name="Transition235" to="Decision234" />
    </Activity>
    <Decision name="Decision234">
      <Transition name="Transition237" to="HumanTask236" />
      <Transition name="Transition239" to="Activity238" condition="Eligibility.EligibilityScore &gt; 250" />
      <Transition name="Transition293" to="Activity292" condition="Eligibility.EligibilityScore &lt; 100" />
    </Decision>
    <Task name="HumanTask236" title="Underwriting Manager" type="Single">
      <Expectations>
        <Outcome name="Eligible" description="client is eligible for auto insurance" />
        <Outcome name="Not Eligible" description="client is ineligible for auto insurance" />
      </Expectations>
      <Transition name="Transition294" to="Activity292" outcome="Eligible" />
      <Transition name="Transition295" to="Activity238" outcome="Not Eligible" />
    </Task>
    <Activity name="Activity238">
      <Notification>
        <Notice message="This client is not eligible for auto insurance." type="Warning" />
      </Notification>
      <Transition name="Transition241" to="Terminate240" />
    </Activity>
    <Terminate name="Terminate240" />
    <Activity name="Activity292">
      <CallDrd contextMode="Shared">
        <DrdSource uri="Calculate Premium.xml" />
      </CallDrd>
      <Transition name="Transition297" to="Activity75" />
    </Activity>
    <End name="End296" />
    <Activity name="Activity75">
      <CallDrd contextMode="Shared">
        <DrdSource uri="Calculate Discount.xml" />
      </CallDrd>
      <Transition name="Transition77" to="End296" />
    </Activity>
  </Nodes>
</Workflow>