<Nodes version="2">
  <NodeInfo name="Client Segmentation" type="DRD" />
  <NodeInfo name="Decision554" type="Decision">
    <Label>
      <Text>Get Client's Profile</Text>
      <Font>
        <Name>Microsoft Sans Serif</Name>
        <Style>Regular</Style>
        <Size>9</Size>
      </Font>
      <Size>
        <Width>20</Width>
        <Height>9.999996</Height>
      </Size>
      <Location>
        <X>110.75</X>
        <Y>48.68539</Y>
      </Location>
      <Alignment>
        <Vertical>Center</Vertical>
        <Horizontal>Center</Horizontal>
      </Alignment>
    </Label>
    <Image></Image>
    <ImageAlign>Center</ImageAlign>
    <FillColorFrom>-7876870</FillColorFrom>
    <FillColorTo>-7876870</FillColorTo>
    <Border>
      <Color>-16777216</Color>
      <Width>0.3</Width>
    </Border>
    <Location>
      <X>107.5854</X>
      <Y>48.68539</Y>
    </Location>
    <Size>
      <Width>26.32915</Width>
      <Height>10.92292</Height>
    </Size>
  </NodeInfo>
  <NodeInfo name="Decision555" type="Decision">
    <Label>
      <Text>Determine
Client Segment</Text>
      <Font>
        <Name>Microsoft Sans Serif</Name>
        <Style>Regular</Style>
        <Size>9</Size>
      </Font>
      <Size>
        <Width>22.49999</Width>
        <Height>9.999998</Height>
      </Size>
      <Location>
        <X>81.52708</X>
        <Y>27.49478</Y>
      </Location>
      <Alignment>
        <Vertical>Center</Vertical>
        <Horizontal>Center</Horizontal>
      </Alignment>
    </Label>
    <Image></Image>
    <ImageAlign>Center</ImageAlign>
    <FillColorFrom>-7876870</FillColorFrom>
    <FillColorTo>-7876870</FillColorTo>
    <Border>
      <Color>-16777216</Color>
      <Width>0.3</Width>
    </Border>
    <Location>
      <X>79.01038</X>
      <Y>28.02395</Y>
    </Location>
    <Size>
      <Width>26.32915</Width>
      <Height>10.92292</Height>
    </Size>
  </NodeInfo>
  <NodeInfo name="Driver" type="InputData">
    <Label>
      <Text>Driver</Text>
      <Font>
        <Name>Microsoft Sans Serif</Name>
        <Style>Regular</Style>
        <Size>9</Size>
      </Font>
      <Size>
        <Width>20</Width>
        <Height>10</Height>
      </Size>
      <Location>
        <X>22.92916</X>
        <Y>28.48541</Y>
      </Location>
      <Alignment>
        <Vertical>Center</Vertical>
        <Horizontal>Center</Horizontal>
      </Alignment>
    </Label>
    <Image></Image>
    <ImageAlign>Center</ImageAlign>
    <FillColorFrom>-2572328</FillColorFrom>
    <FillColorTo>-2572328</FillColorTo>
    <Border>
      <Color>-16777216</Color>
      <Width>0.3</Width>
    </Border>
    <Location>
      <X>22.92916</X>
      <Y>28.48541</Y>
    </Location>
    <Size>
      <Width>20</Width>
      <Height>10</Height>
    </Size>
  </NodeInfo>
  <NodeInfo name="Decision490" type="Decision">
    <Label>
      <Text>Order Clients by Amount</Text>
      <Font>
        <Name>Microsoft Sans Serif</Name>
        <Style>Regular</Style>
        <Size>9</Size>
      </Font>
      <Size>
        <Width>20</Width>
        <Height>10</Height>
      </Size>
      <Location>
        <X>55.61771</X>
        <Y>69.44789</Y>
      </Location>
      <Alignment>
        <Vertical>Center</Vertical>
        <Horizontal>Center</Horizontal>
      </Alignment>
    </Label>
    <Image></Image>
    <ImageAlign>Center</ImageAlign>
    <FillColorFrom>-7876870</FillColorFrom>
    <FillColorTo>-7876870</FillColorTo>
    <Border>
      <Color>-16777216</Color>
      <Width>0.3</Width>
    </Border>
    <Location>
      <X>53.1375</X>
      <Y>69.44789</Y>
    </Location>
    <Size>
      <Width>24.96042</Width>
      <Height>11.73125</Height>
    </Size>
  </NodeInfo>
  <NodeInfo name="Decision494" type="Decision">
    <Label>
      <Text>Get UServ’s Top 1% clients</Text>
      <Font>
        <Name>Microsoft Sans Serif</Name>
        <Style>Regular</Style>
        <Size>9</Size>
      </Font>
      <Size>
        <Width>22.39062</Width>
        <Height>10</Height>
      </Size>
      <Location>
        <X>54.28542</X>
        <Y>48.54583</Y>
      </Location>
      <Alignment>
        <Vertical>Center</Vertical>
        <Horizontal>Center</Horizontal>
      </Alignment>
    </Label>
    <Image></Image>
    <ImageAlign>Center</ImageAlign>
    <FillColorFrom>-7876870</FillColorFrom>
    <FillColorTo>-7876870</FillColorTo>
    <Border>
      <Color>-16777216</Color>
      <Width>0.3</Width>
    </Border>
    <Location>
      <X>53.1375</X>
      <Y>48.28123</Y>
    </Location>
    <Size>
      <Width>24.96042</Width>
      <Height>11.73125</Height>
    </Size>
  </NodeInfo>
  <NodeInfo name="DBRead" type="BusinessKnowledge">
    <Label>
      <Text>Retrieve the Clients Data</Text>
      <Font>
        <Name>Microsoft Sans Serif</Name>
        <Style>Regular</Style>
        <Size>9</Size>
      </Font>
      <Size>
        <Width>27.375</Width>
        <Height>14.02292</Height>
      </Size>
      <Location>
        <X>53.50105</X>
        <Y>90.90102</Y>
      </Location>
      <Alignment>
        <Vertical>Center</Vertical>
        <Horizontal>Center</Horizontal>
      </Alignment>
    </Label>
    <Image></Image>
    <ImageAlign>Center</ImageAlign>
    <FillColorFrom>-10039894</FillColorFrom>
    <FillColorTo>-10039894</FillColorTo>
    <Border>
      <Color>-16777216</Color>
      <Width>0.3</Width>
    </Border>
    <Location>
      <X>53.1375</X>
      <Y>93.54685</Y>
    </Location>
    <Size>
      <Width>24.96042</Width>
      <Height>11.73125</Height>
    </Size>
  </NodeInfo>
  <NodeInfo name="Transition493" type="Transition">
    <Label>
      <Text></Text>
      <Font>
        <Name>Microsoft Sans Serif</Name>
        <Style>Regular</Style>
        <Size>9</Size>
      </Font>
    </Label>
    <FillColorFrom>-9868951</FillColorFrom>
    <FillColorTo>-9868951</FillColorTo>
    <Border>
      <Color>-16777216</Color>
      <Width>0.3</Width>
    </Border>
    <Location>
      <X>99.4228</X>
      <Y>38.64687</Y>
    </Location>
    <Size>
      <Width>14.05971</Width>
      <Height>10.33852</Height>
    </Size>
    <Shape>Polyline</Shape>
    <SegmentCount>1</SegmentCount>
    <Anchors>
      <Origin>-1</Origin>
      <Destination>-1</Destination>
    </Anchors>
    <Head>Triangle</Head>
    <Pen>0/#FF000000/0.3/0/0//0/0/10/</Pen>
    <Points>
      <Point>
        <X>113.1825</X>
        <Y>48.68539</Y>
      </Point>
      <Point>
        <X>99.7228</X>
        <Y>38.94687</Y>
      </Point>
      <Start>
        <X>113.1825</X>
        <Y>48.68539</Y>
      </Start>
      <End>
        <X>99.7228</X>
        <Y>38.94687</Y>
      </End>
    </Points>
  </NodeInfo>
  <NodeInfo name="Transition537" type="Transition">
    <Label>
      <Text></Text>
      <Font>
        <Name>Microsoft Sans Serif</Name>
        <Style>Regular</Style>
        <Size>9</Size>
      </Font>
    </Label>
    <FillColorFrom>-9868951</FillColorFrom>
    <FillColorTo>-9868951</FillColorTo>
    <Border>
      <Color>-16777216</Color>
      <Width>0.3</Width>
    </Border>
    <Location>
      <X>42.63501</X>
      <Y>33.18545</Y>
    </Location>
    <Size>
      <Width>36.67538</Width>
      <Height>0.6001091</Height>
    </Size>
    <Shape>Polyline</Shape>
    <SegmentCount>1</SegmentCount>
    <Anchors>
      <Origin>-1</Origin>
      <Destination>-1</Destination>
    </Anchors>
    <Head>Triangle</Head>
    <Pen>0/#FF000000/0.3/0/0//0/0/10/</Pen>
    <Points>
      <Point>
        <X>42.93501</X>
        <Y>33.48556</Y>
      </Point>
      <Point>
        <X>79.01038</X>
        <Y>33.48545</Y>
      </Point>
      <Start>
        <X>42.93501</X>
        <Y>33.48556</Y>
      </Start>
      <End>
        <X>79.01038</X>
        <Y>33.48545</Y>
      </End>
    </Points>
  </NodeInfo>
  <NodeInfo name="Transition495" type="Transition">
    <Label>
      <Text></Text>
      <Font>
        <Name>Microsoft Sans Serif</Name>
        <Style>Regular</Style>
        <Size>9</Size>
      </Font>
    </Label>
    <FillColorFrom>-9868951</FillColorFrom>
    <FillColorTo>-9868951</FillColorTo>
    <Border>
      <Color>-16777216</Color>
      <Width>0.3</Width>
    </Border>
    <Location>
      <X>65.3177</X>
      <Y>59.71248</Y>
    </Location>
    <Size>
      <Width>0.6000061</Width>
      <Height>10.03541</Height>
    </Size>
    <Shape>Polyline</Shape>
    <SegmentCount>1</SegmentCount>
    <Anchors>
      <Origin>-1</Origin>
      <Destination>-1</Destination>
    </Anchors>
    <Head>Triangle</Head>
    <Pen>0/#FF000000/0.3/0/0//0/0/10/</Pen>
    <Points>
      <Point>
        <X>65.61771</X>
        <Y>69.44789</Y>
      </Point>
      <Point>
        <X>65.61771</X>
        <Y>60.01248</Y>
      </Point>
      <Start>
        <X>65.61771</X>
        <Y>69.44789</Y>
      </Start>
      <End>
        <X>65.61771</X>
        <Y>60.01248</Y>
      </End>
    </Points>
  </NodeInfo>
  <NodeInfo name="Transition500" type="Transition">
    <Label>
      <Text></Text>
      <Font>
        <Name>Microsoft Sans Serif</Name>
        <Style>Regular</Style>
        <Size>9</Size>
      </Font>
    </Label>
    <FillColorFrom>-9868951</FillColorFrom>
    <FillColorTo>-9868951</FillColorTo>
    <Border>
      <Color>-16777216</Color>
      <Width>0.3</Width>
    </Border>
    <Location>
      <X>72.86887</X>
      <Y>38.64687</Y>
    </Location>
    <Size>
      <Width>12.58992</Width>
      <Height>9.934361</Height>
    </Size>
    <Shape>Polyline</Shape>
    <SegmentCount>1</SegmentCount>
    <Anchors>
      <Origin>-1</Origin>
      <Destination>-1</Destination>
    </Anchors>
    <Head>Triangle</Head>
    <Pen>0/#FF000000/0.3/0/0//0/0/10/</Pen>
    <Points>
      <Point>
        <X>73.16888</X>
        <Y>48.28123</Y>
      </Point>
      <Point>
        <X>85.15879</X>
        <Y>38.94687</Y>
      </Point>
      <Start>
        <X>73.16888</X>
        <Y>48.28123</Y>
      </Start>
      <End>
        <X>85.15879</X>
        <Y>38.94687</Y>
      </End>
    </Points>
  </NodeInfo>
  <NodeInfo name="Transition253" type="Transition">
    <Label>
      <Text></Text>
      <Font>
        <Name>Microsoft Sans Serif</Name>
        <Style>Regular</Style>
        <Size>9</Size>
      </Font>
    </Label>
    <FillColorFrom>-9868951</FillColorFrom>
    <FillColorTo>-9868951</FillColorTo>
    <Border>
      <Color>-16777216</Color>
      <Width>0.3</Width>
    </Border>
    <Location>
      <X>65.3177</X>
      <Y>80.87914</Y>
    </Location>
    <Size>
      <Width>0.6000137</Width>
      <Height>12.96772</Height>
    </Size>
    <Shape>Polyline</Shape>
    <SegmentCount>1</SegmentCount>
    <Anchors>
      <Origin>-1</Origin>
      <Destination>-1</Destination>
    </Anchors>
    <Head>Arrow</Head>
    <Pen>5/#FF000000/0.3/2/10/5/0//0/0/10/</Pen>
    <Points>
      <Point>
        <X>65.61771</X>
        <Y>93.54685</Y>
      </Point>
      <Point>
        <X>65.6177</X>
        <Y>81.17914</Y>
      </Point>
      <Start>
        <X>65.61771</X>
        <Y>93.54685</Y>
      </Start>
      <End>
        <X>65.6177</X>
        <Y>81.17914</Y>
      </End>
    </Points>
  </NodeInfo>
</Nodes>