<Nodes version="2">
  <NodeInfo name="Eligibility" type="Fact">
    <Label>
      <Text>Eligibility</Text>
      <Font>
        <Name>Microsoft Sans Serif</Name>
        <Style>Regular</Style>
        <Size>9</Size>
      </Font>
    </Label>
    <FillColorFrom>-7876885</FillColorFrom>
    <FillColorTo>-7876885</FillColorTo>
    <Border>
      <Color>-16777216</Color>
      <Width>0.3</Width>
    </Border>
    <Location>
      <X>61.51871</X>
      <Y>61.25415</Y>
    </Location>
    <Size>
      <Width>86.77501</Width>
      <Height>53.31667</Height>
    </Size>
    <Description></Description>
  </NodeInfo>
  <NodeInfo name="TheftRating" type="Option">
    <Label>
      <Text>TheftRating</Text>
      <Font>
        <Name>Microsoft Sans Serif</Name>
        <Style>Regular</Style>
        <Size>9</Size>
      </Font>
    </Label>
    <FillColorFrom>-329006</FillColorFrom>
    <FillColorTo>-329006</FillColorTo>
    <Border>
      <Color>-16777216</Color>
      <Width>0.3</Width>
    </Border>
    <Location>
      <X>171.5853</X>
      <Y>2.51668</Y>
    </Location>
    <Size>
      <Width>30</Width>
      <Height>26.45832</Height>
    </Size>
    <Description></Description>
  </NodeInfo>
  <NodeInfo name="InjuryRate" type="Option">
    <Label>
      <Text>InjuryRate</Text>
      <Font>
        <Name>Microsoft Sans Serif</Name>
        <Style>Regular</Style>
        <Size>9</Size>
      </Font>
    </Label>
    <FillColorFrom>-329006</FillColorFrom>
    <FillColorTo>-329006</FillColorTo>
    <Border>
      <Color>-16777216</Color>
      <Width>0.3</Width>
    </Border>
    <Location>
      <X>206.025</X>
      <Y>26.06458</Y>
    </Location>
    <Size>
      <Width>37.83537</Width>
      <Height>33.60209</Height>
    </Size>
    <Description></Description>
  </NodeInfo>
  <NodeInfo name="DrivingRecord" type="Option">
    <Label>
      <Text>DrivingRecord</Text>
      <Font>
        <Name>Microsoft Sans Serif</Name>
        <Style>Regular</Style>
        <Size>9</Size>
      </Font>
    </Label>
    <FillColorFrom>-329006</FillColorFrom>
    <FillColorTo>-329006</FillColorTo>
    <Border>
      <Color>-16777216</Color>
      <Width>0.3</Width>
    </Border>
    <Location>
      <X>211.1252</X>
      <Y>67.8687</Y>
    </Location>
    <Size>
      <Width>32.54358</Width>
      <Height>20.10838</Height>
    </Size>
    <Description></Description>
  </NodeInfo>
  <NodeInfo name="AutoEligibility" type="Option">
    <Label>
      <Text>AutoEligibility</Text>
      <Font>
        <Name>Microsoft Sans Serif</Name>
        <Style>Regular</Style>
        <Size>9</Size>
      </Font>
    </Label>
    <FillColorFrom>-329006</FillColorFrom>
    <FillColorTo>-329006</FillColorTo>
    <Border>
      <Color>-16777216</Color>
      <Width>0.3</Width>
    </Border>
    <Location>
      <X>207.0917</X>
      <Y>92.08125</Y>
    </Location>
    <Size>
      <Width>36.39993</Width>
      <Height>26.32291</Height>
    </Size>
    <Description></Description>
  </NodeInfo>
  <NodeInfo name="AgeEligibilityCategory" type="Option">
    <Label>
      <Text>AgeEligibilityCategory</Text>
      <Font>
        <Name>Microsoft Sans Serif</Name>
        <Style>Regular</Style>
        <Size>9</Size>
      </Font>
    </Label>
    <FillColorFrom>-329006</FillColorFrom>
    <FillColorTo>-329006</FillColorTo>
    <Border>
      <Color>-16777216</Color>
      <Width>0.3</Width>
    </Border>
    <Location>
      <X>167.6625</X>
      <Y>155.8458</Y>
    </Location>
    <Size>
      <Width>38.36459</Width>
      <Height>26.32291</Height>
    </Size>
    <Description></Description>
  </NodeInfo>
  <NodeInfo name="AgeCategory" type="Option">
    <Label>
      <Text>AgeCategory</Text>
      <Font>
        <Name>Microsoft Sans Serif</Name>
        <Style>Regular</Style>
        <Size>9</Size>
      </Font>
    </Label>
    <FillColorFrom>-329006</FillColorFrom>
    <FillColorTo>-329006</FillColorTo>
    <Border>
      <Color>-16777216</Color>
      <Width>0.3</Width>
    </Border>
    <Location>
      <X>204.6438</X>
      <Y>128.3291</Y>
    </Location>
    <Size>
      <Width>38.99585</Width>
      <Height>22.22498</Height>
    </Size>
    <Description></Description>
  </NodeInfo>
  <NodeInfo name="Premium" type="Fact">
    <Label>
      <Text>Premium</Text>
      <Font>
        <Name>Microsoft Sans Serif</Name>
        <Style>Regular</Style>
        <Size>9</Size>
      </Font>
    </Label>
    <FillColorFrom>-7876885</FillColorFrom>
    <FillColorTo>-7876885</FillColorTo>
    <Border>
      <Color>-16777216</Color>
      <Width>0.3</Width>
    </Border>
    <Location>
      <X>283.6853</X>
      <Y>74.05009</Y>
    </Location>
    <Size>
      <Width>81.94171</Width>
      <Height>23.98116</Height>
    </Size>
    <Description></Description>
  </NodeInfo>
  <NodeInfo name="Client" type="Fact">
    <Label>
      <Text>Client</Text>
      <Font>
        <Name>Microsoft Sans Serif</Name>
        <Style>Regular</Style>
        <Size>9</Size>
      </Font>
    </Label>
    <FillColorFrom>-7876885</FillColorFrom>
    <FillColorTo>-7876885</FillColorTo>
    <Border>
      <Color>-16777216</Color>
      <Width>0.3</Width>
    </Border>
    <Location>
      <X>270.9395</X>
      <Y>3.975016</Y>
    </Location>
    <Size>
      <Width>71.43747</Width>
      <Height>52.65208</Height>
    </Size>
    <Description></Description>
  </NodeInfo>
  <NodeInfo name="ClientSegment" type="Option">
    <Label>
      <Text>ClientSegment</Text>
      <Font>
        <Name>Microsoft Sans Serif</Name>
        <Style>Regular</Style>
        <Size>9</Size>
      </Font>
    </Label>
    <FillColorFrom>-329006</FillColorFrom>
    <FillColorTo>-329006</FillColorTo>
    <Border>
      <Color>-16777216</Color>
      <Width>0.3</Width>
    </Border>
    <Location>
      <X>368.5707</X>
      <Y>13.23543</Y>
    </Location>
    <Size>
      <Width>41.90625</Width>
      <Height>21.96041</Height>
    </Size>
    <Description></Description>
  </NodeInfo>
  <NodeInfo name="Discount" type="Fact">
    <Label>
      <Text>Discount</Text>
      <Font>
        <Name>Microsoft Sans Serif</Name>
        <Style>Regular</Style>
        <Size>9</Size>
      </Font>
    </Label>
    <FillColorFrom>-7876885</FillColorFrom>
    <FillColorTo>-7876885</FillColorTo>
    <Border>
      <Color>-16777216</Color>
      <Width>0.3</Width>
    </Border>
    <Location>
      <X>284.9624</X>
      <Y>101.5271</Y>
    </Location>
    <Size>
      <Width>85.46042</Width>
      <Height>21.96042</Height>
    </Size>
    <Description></Description>
  </NodeInfo>
  <NodeInfo name="Transition186" type="Transition">
    <Label>
      <Text>TheftRating</Text>
      <Font>
        <Name>Microsoft Sans Serif</Name>
        <Style>Regular</Style>
        <Size>9</Size>
      </Font>
    </Label>
    <FillColorFrom>-9868951</FillColorFrom>
    <FillColorTo>-9868951</FillColorTo>
    <Border>
      <Color>-16777216</Color>
      <Width>0.3</Width>
    </Border>
    <Location>
      <X>147.9937</X>
      <Y>28.675</Y>
    </Location>
    <Size>
      <Width>29.7657</Width>
      <Height>42.87915</Height>
    </Size>
    <Shape>Polyline</Shape>
    <SegmentCount>1</SegmentCount>
    <Anchors>
      <Origin>-1</Origin>
      <Destination>-1</Destination>
    </Anchors>
    <Base>Rhombus</Base>
    <Pen>0/#FF000000/0.3/0/0//0/0/10/</Pen>
    <Points>
      <Point>
        <X>148.2937</X>
        <Y>71.25415</Y>
      </Point>
      <Point>
        <X>177.4594</X>
        <Y>28.975</Y>
      </Point>
      <Start>
        <X>148.2937</X>
        <Y>71.25415</Y>
      </Start>
      <End>
        <X>177.4594</X>
        <Y>28.975</Y>
      </End>
    </Points>
    <Fact reference="Eligibility.TheftRating" to="TheftRating" />
    <Description></Description>
  </NodeInfo>
  <NodeInfo name="Transition187" type="Transition">
    <Label>
      <Text>OccupantInjuryRating</Text>
      <Font>
        <Name>Microsoft Sans Serif</Name>
        <Style>Regular</Style>
        <Size>9</Size>
      </Font>
    </Label>
    <FillColorFrom>-9868951</FillColorFrom>
    <FillColorTo>-9868951</FillColorTo>
    <Border>
      <Color>-16777216</Color>
      <Width>0.3</Width>
    </Border>
    <Location>
      <X>147.9937</X>
      <Y>51.05303</Y>
    </Location>
    <Size>
      <Width>58.3313</Width>
      <Height>26.50112</Height>
    </Size>
    <Shape>Polyline</Shape>
    <SegmentCount>1</SegmentCount>
    <Anchors>
      <Origin>-1</Origin>
      <Destination>-1</Destination>
    </Anchors>
    <Base>Rhombus</Base>
    <Pen>0/#FF000000/0.3/0/0//0/0/10/</Pen>
    <Points>
      <Point>
        <X>148.2937</X>
        <Y>77.25415</Y>
      </Point>
      <Point>
        <X>206.025</X>
        <Y>51.35303</Y>
      </Point>
      <Start>
        <X>148.2937</X>
        <Y>77.25415</Y>
      </Start>
      <End>
        <X>206.025</X>
        <Y>51.35303</Y>
      </End>
    </Points>
    <Fact reference="Eligibility.OccupantInjuryRating" to="InjuryRate" />
    <Description></Description>
  </NodeInfo>
  <NodeInfo name="Transition188" type="Transition">
    <Label>
      <Text>DrivingRecordCategory</Text>
      <Font>
        <Name>Microsoft Sans Serif</Name>
        <Style>Regular</Style>
        <Size>9</Size>
      </Font>
    </Label>
    <FillColorFrom>-9868951</FillColorFrom>
    <FillColorTo>-9868951</FillColorTo>
    <Border>
      <Color>-16777216</Color>
      <Width>0.3</Width>
    </Border>
    <Location>
      <X>147.9937</X>
      <Y>78.71954</Y>
    </Location>
    <Size>
      <Width>63.4315</Width>
      <Height>4.834618</Height>
    </Size>
    <Shape>Polyline</Shape>
    <SegmentCount>1</SegmentCount>
    <Anchors>
      <Origin>-1</Origin>
      <Destination>-1</Destination>
    </Anchors>
    <Base>Rhombus</Base>
    <Pen>0/#FF000000/0.3/0/0//0/0/10/</Pen>
    <Points>
      <Point>
        <X>148.2937</X>
        <Y>83.25415</Y>
      </Point>
      <Point>
        <X>211.1252</X>
        <Y>79.01954</Y>
      </Point>
      <Start>
        <X>148.2937</X>
        <Y>83.25415</Y>
      </Start>
      <End>
        <X>211.1252</X>
        <Y>79.01954</Y>
      </End>
    </Points>
    <Fact reference="Eligibility.DrivingRecordCategory" to="DrivingRecord" />
    <Description></Description>
  </NodeInfo>
  <NodeInfo name="Transition189" type="Transition">
    <Label>
      <Text>AutoEligibility</Text>
      <Font>
        <Name>Microsoft Sans Serif</Name>
        <Style>Regular</Style>
        <Size>9</Size>
      </Font>
    </Label>
    <FillColorFrom>-9868951</FillColorFrom>
    <FillColorTo>-9868951</FillColorTo>
    <Border>
      <Color>-16777216</Color>
      <Width>0.3</Width>
    </Border>
    <Location>
      <X>147.9937</X>
      <Y>88.95415</Y>
    </Location>
    <Size>
      <Width>59.39801</Width>
      <Height>12.80936</Height>
    </Size>
    <Shape>Polyline</Shape>
    <SegmentCount>1</SegmentCount>
    <Anchors>
      <Origin>-1</Origin>
      <Destination>-1</Destination>
    </Anchors>
    <Base>Rhombus</Base>
    <Pen>0/#FF000000/0.3/0/0//0/0/10/</Pen>
    <Points>
      <Point>
        <X>148.2937</X>
        <Y>89.25415</Y>
      </Point>
      <Point>
        <X>207.0917</X>
        <Y>101.4635</Y>
      </Point>
      <Start>
        <X>148.2937</X>
        <Y>89.25415</Y>
      </Start>
      <End>
        <X>207.0917</X>
        <Y>101.4635</Y>
      </End>
    </Points>
    <Fact reference="Eligibility.AutoEligibility" to="AutoEligibility" />
    <Description></Description>
  </NodeInfo>
  <NodeInfo name="Transition190" type="Transition">
    <Label>
      <Text>AgeCategory</Text>
      <Font>
        <Name>Microsoft Sans Serif</Name>
        <Style>Regular</Style>
        <Size>9</Size>
      </Font>
    </Label>
    <FillColorFrom>-9868951</FillColorFrom>
    <FillColorTo>-9868951</FillColorTo>
    <Border>
      <Color>-16777216</Color>
      <Width>0.3</Width>
    </Border>
    <Location>
      <X>147.9937</X>
      <Y>94.95415</Y>
    </Location>
    <Size>
      <Width>57.37331</Width>
      <Height>33.67496</Height>
    </Size>
    <Shape>Polyline</Shape>
    <SegmentCount>1</SegmentCount>
    <Anchors>
      <Origin>-1</Origin>
      <Destination>-1</Destination>
    </Anchors>
    <Base>Rhombus</Base>
    <Pen>0/#FF000000/0.3/0/0//0/0/10/</Pen>
    <Points>
      <Point>
        <X>148.2937</X>
        <Y>95.25415</Y>
      </Point>
      <Point>
        <X>205.067</X>
        <Y>128.3291</Y>
      </Point>
      <Start>
        <X>148.2937</X>
        <Y>95.25415</Y>
      </Start>
      <End>
        <X>205.067</X>
        <Y>128.3291</Y>
      </End>
    </Points>
    <Fact reference="Eligibility.AgeCategory" to="AgeCategory" />
    <Description></Description>
  </NodeInfo>
  <NodeInfo name="Transition191" type="Transition">
    <Label>
      <Text>AgeEligibilityCategory</Text>
      <Font>
        <Name>Microsoft Sans Serif</Name>
        <Style>Regular</Style>
        <Size>9</Size>
      </Font>
    </Label>
    <FillColorFrom>-9868951</FillColorFrom>
    <FillColorTo>-9868951</FillColorTo>
    <Border>
      <Color>-16777216</Color>
      <Width>0.3</Width>
    </Border>
    <Location>
      <X>147.9937</X>
      <Y>100.9542</Y>
    </Location>
    <Size>
      <Width>31.66231</Width>
      <Height>55.1916</Height>
    </Size>
    <Shape>Polyline</Shape>
    <SegmentCount>1</SegmentCount>
    <Anchors>
      <Origin>-1</Origin>
      <Destination>-1</Destination>
    </Anchors>
    <Base>Rhombus</Base>
    <Pen>0/#FF000000/0.3/0/0//0/0/10/</Pen>
    <Points>
      <Point>
        <X>148.2937</X>
        <Y>101.2542</Y>
      </Point>
      <Point>
        <X>179.356</X>
        <Y>155.8458</Y>
      </Point>
      <Start>
        <X>148.2937</X>
        <Y>101.2542</Y>
      </Start>
      <End>
        <X>179.356</X>
        <Y>155.8458</Y>
      </End>
    </Points>
    <Fact reference="Eligibility.AgeEligibilityCategory" to="AgeEligibilityCategory" />
    <Description></Description>
  </NodeInfo>
  <NodeInfo name="Transition192" type="Transition">
    <Label>
      <Text>ClientSegment</Text>
      <Font>
        <Name>Microsoft Sans Serif</Name>
        <Style>Regular</Style>
        <Size>9</Size>
      </Font>
    </Label>
    <FillColorFrom>-9868951</FillColorFrom>
    <FillColorTo>-9868951</FillColorTo>
    <Border>
      <Color>-16777216</Color>
      <Width>0.3</Width>
    </Border>
    <Location>
      <X>342.077</X>
      <Y>24.69754</Y>
    </Location>
    <Size>
      <Width>26.79367</Width>
      <Height>1.577478</Height>
    </Size>
    <Shape>Polyline</Shape>
    <SegmentCount>1</SegmentCount>
    <Anchors>
      <Origin>-1</Origin>
      <Destination>-1</Destination>
    </Anchors>
    <Base>Rhombus</Base>
    <Pen>0/#FF000000/0.3/0/0//0/0/10/</Pen>
    <Points>
      <Point>
        <X>342.377</X>
        <Y>25.97502</Y>
      </Point>
      <Point>
        <X>368.5707</X>
        <Y>24.99754</Y>
      </Point>
      <Start>
        <X>342.377</X>
        <Y>25.97502</Y>
      </Start>
      <End>
        <X>368.5707</X>
        <Y>24.99754</Y>
      </End>
    </Points>
    <Fact reference="Client.ClientSegment" to="ClientSegment" />
    <Description></Description>
  </NodeInfo>
</Nodes>