<Nodes version="2">
  <NodeInfo name="Car" type="Fact">
    <Label>
      <Text>Car</Text>
      <Font>
        <Name>Microsoft Sans Serif</Name>
        <Style>Regular</Style>
        <Size>9</Size>
      </Font>
    </Label>
    <FillColorFrom>-7876885</FillColorFrom>
    <FillColorTo>-7876885</FillColorTo>
    <Border>
      <Color>-16777216</Color>
      <Width>0.3</Width>
    </Border>
    <Location>
      <X>2.672916</X>
      <Y>0.2624989</Y>
    </Location>
    <Size>
      <Width>69.72083</Width>
      <Height>78.45417</Height>
    </Size>
    <Description></Description>
  </NodeInfo>
  <NodeInfo name="Airbags" type="Fact">
    <Label>
      <Text>Airbags</Text>
      <Font>
        <Name>Microsoft Sans Serif</Name>
        <Style>Regular</Style>
        <Size>9</Size>
      </Font>
    </Label>
    <FillColorFrom>-7876885</FillColorFrom>
    <FillColorTo>-7876885</FillColorTo>
    <Border>
      <Color>-16777216</Color>
      <Width>0.3</Width>
    </Border>
    <Location>
      <X>97.39375</X>
      <Y>0.04166603</Y>
    </Location>
    <Size>
      <Width>41.53957</Width>
      <Height>27.51666</Height>
    </Size>
    <Description></Description>
  </NodeInfo>
  <NodeInfo name="CarType" type="Option">
    <Label>
      <Text>CarType</Text>
      <Font>
        <Name>Microsoft Sans Serif</Name>
        <Style>Regular</Style>
        <Size>9</Size>
      </Font>
    </Label>
    <FillColorFrom>-329006</FillColorFrom>
    <FillColorTo>-329006</FillColorTo>
    <Border>
      <Color>-16777216</Color>
      <Width>0.3</Width>
    </Border>
    <Location>
      <X>109.5646</X>
      <Y>38.1</Y>
    </Location>
    <Size>
      <Width>30</Width>
      <Height>30</Height>
    </Size>
    <Description></Description>
  </NodeInfo>
  <NodeInfo name="Driver" type="Fact">
    <Label>
      <Text>Driver</Text>
      <Font>
        <Name>Microsoft Sans Serif</Name>
        <Style>Regular</Style>
        <Size>9</Size>
      </Font>
    </Label>
    <FillColorFrom>-7876885</FillColorFrom>
    <FillColorTo>-7876885</FillColorTo>
    <Border>
      <Color>-16777216</Color>
      <Width>0.3</Width>
    </Border>
    <Location>
      <X>183.3895</X>
      <Y>0.2625008</Y>
    </Location>
    <Size>
      <Width>62.17709</Width>
      <Height>66.41041</Height>
    </Size>
    <Description></Description>
  </NodeInfo>
  <NodeInfo name="Gender" type="Option">
    <Label>
      <Text>Gender</Text>
      <Font>
        <Name>Microsoft Sans Serif</Name>
        <Style>Regular</Style>
        <Size>9</Size>
      </Font>
    </Label>
    <FillColorFrom>-329006</FillColorFrom>
    <FillColorTo>-329006</FillColorTo>
    <Border>
      <Color>-16777216</Color>
      <Width>0.3</Width>
    </Border>
    <Location>
      <X>279.546</X>
      <Y>-0.264576</Y>
    </Location>
    <Size>
      <Width>30</Width>
      <Height>20.90208</Height>
    </Size>
    <Description></Description>
  </NodeInfo>
  <NodeInfo name="Location" type="Option">
    <Label>
      <Text>Location</Text>
      <Font>
        <Name>Microsoft Sans Serif</Name>
        <Style>Regular</Style>
        <Size>9</Size>
      </Font>
    </Label>
    <FillColorFrom>-329006</FillColorFrom>
    <FillColorTo>-329006</FillColorTo>
    <Border>
      <Color>-16777216</Color>
      <Width>0.3</Width>
    </Border>
    <Location>
      <X>279.8105</X>
      <Y>56.09168</Y>
    </Location>
    <Size>
      <Width>30.00002</Width>
      <Height>46.0375</Height>
    </Size>
    <Description></Description>
  </NodeInfo>
  <NodeInfo name="Transition105" type="Transition">
    <Label>
      <Text>Airbag</Text>
      <Font>
        <Name>Microsoft Sans Serif</Name>
        <Style>Regular</Style>
        <Size>9</Size>
      </Font>
    </Label>
    <FillColorFrom>-9868951</FillColorFrom>
    <FillColorTo>-9868951</FillColorTo>
    <Border>
      <Color>-16777216</Color>
      <Width>0.3</Width>
    </Border>
    <Location>
      <X>72.09375</X>
      <Y>14.61745</Y>
    </Location>
    <Size>
      <Width>25.60001</Width>
      <Height>1.94505</Height>
    </Size>
    <Shape>Polyline</Shape>
    <SegmentCount>1</SegmentCount>
    <Anchors>
      <Origin>-1</Origin>
      <Destination>-1</Destination>
    </Anchors>
    <Base>Rhombus</Base>
    <Pen>0/#FF000000/0.3/0/0//0/0/10/</Pen>
    <Points>
      <Point>
        <X>72.39375</X>
        <Y>16.2625</Y>
      </Point>
      <Point>
        <X>97.39375</X>
        <Y>14.91745</Y>
      </Point>
      <Start>
        <X>72.39375</X>
        <Y>16.2625</Y>
      </Start>
      <End>
        <X>97.39375</X>
        <Y>14.91745</Y>
      </End>
    </Points>
    <Fact reference="Car.Airbag" to="Airbags" />
    <Description></Description>
  </NodeInfo>
  <NodeInfo name="Transition106" type="Transition">
    <Label>
      <Text>CarType</Text>
      <Font>
        <Name>Microsoft Sans Serif</Name>
        <Style>Regular</Style>
        <Size>9</Size>
      </Font>
    </Label>
    <FillColorFrom>-9868951</FillColorFrom>
    <FillColorTo>-9868951</FillColorTo>
    <Border>
      <Color>-16777216</Color>
      <Width>0.3</Width>
    </Border>
    <Location>
      <X>72.09375</X>
      <Y>51.9625</Y>
    </Location>
    <Size>
      <Width>37.77085</Width>
      <Height>1.196697</Height>
    </Size>
    <Shape>Polyline</Shape>
    <SegmentCount>1</SegmentCount>
    <Anchors>
      <Origin>-1</Origin>
      <Destination>-1</Destination>
    </Anchors>
    <Base>Rhombus</Base>
    <Pen>0/#FF000000/0.3/0/0//0/0/10/</Pen>
    <Points>
      <Point>
        <X>72.39375</X>
        <Y>52.2625</Y>
      </Point>
      <Point>
        <X>109.5646</X>
        <Y>52.8592</Y>
      </Point>
      <Start>
        <X>72.39375</X>
        <Y>52.2625</Y>
      </Start>
      <End>
        <X>109.5646</X>
        <Y>52.8592</Y>
      </End>
    </Points>
    <Fact reference="Car.CarType" to="CarType" />
    <Description></Description>
  </NodeInfo>
  <NodeInfo name="Transition107" type="Transition">
    <Label>
      <Text>Gender</Text>
      <Font>
        <Name>Microsoft Sans Serif</Name>
        <Style>Regular</Style>
        <Size>9</Size>
      </Font>
    </Label>
    <FillColorFrom>-9868951</FillColorFrom>
    <FillColorTo>-9868951</FillColorTo>
    <Border>
      <Color>-16777216</Color>
      <Width>0.3</Width>
    </Border>
    <Location>
      <X>245.2666</X>
      <Y>11.74725</Y>
    </Location>
    <Size>
      <Width>34.57939</Width>
      <Height>4.815248</Height>
    </Size>
    <Shape>Polyline</Shape>
    <SegmentCount>1</SegmentCount>
    <Anchors>
      <Origin>-1</Origin>
      <Destination>-1</Destination>
    </Anchors>
    <Base>Rhombus</Base>
    <Pen>0/#FF000000/0.3/0/0//0/0/10/</Pen>
    <Points>
      <Point>
        <X>245.5666</X>
        <Y>16.2625</Y>
      </Point>
      <Point>
        <X>279.546</X>
        <Y>12.04725</Y>
      </Point>
      <Start>
        <X>245.5666</X>
        <Y>16.2625</Y>
      </Start>
      <End>
        <X>279.546</X>
        <Y>12.04725</Y>
      </End>
    </Points>
    <Fact reference="Driver.Gender" to="Gender" />
    <Description></Description>
  </NodeInfo>
  <NodeInfo name="Transition108" type="Transition">
    <Label>
      <Text>Location</Text>
      <Font>
        <Name>Microsoft Sans Serif</Name>
        <Style>Regular</Style>
        <Size>9</Size>
      </Font>
    </Label>
    <FillColorFrom>-9868951</FillColorFrom>
    <FillColorTo>-9868951</FillColorTo>
    <Border>
      <Color>-16777216</Color>
      <Width>0.3</Width>
    </Border>
    <Location>
      <X>245.2666</X>
      <Y>57.9625</Y>
    </Location>
    <Size>
      <Width>34.84389</Width>
      <Height>15.09751</Height>
    </Size>
    <Shape>Polyline</Shape>
    <SegmentCount>1</SegmentCount>
    <Anchors>
      <Origin>-1</Origin>
      <Destination>-1</Destination>
    </Anchors>
    <Base>Rhombus</Base>
    <Pen>0/#FF000000/0.3/0/0//0/0/10/</Pen>
    <Points>
      <Point>
        <X>245.5666</X>
        <Y>58.2625</Y>
      </Point>
      <Point>
        <X>279.8105</X>
        <Y>72.76001</Y>
      </Point>
      <Start>
        <X>245.5666</X>
        <Y>58.2625</Y>
      </Start>
      <End>
        <X>279.8105</X>
        <Y>72.76001</Y>
      </End>
    </Points>
    <Fact reference="Driver.Location" to="Location" />
    <Description></Description>
  </NodeInfo>
</Nodes>