<Nodes version="2">
  <NodeInfo name="Car" type="Fact">
    <Label>
      <Text>Car</Text>
      <Font>
        <Name>Microsoft Sans Serif</Name>
        <Style>Regular</Style>
        <Size>9</Size>
      </Font>
    </Label>
    <FillColorFrom>-7876885</FillColorFrom>
    <FillColorTo>-7876885</FillColorTo>
    <Border>
      <Color>-16777216</Color>
      <Width>0.3</Width>
    </Border>
    <Location>
      <X>2.672916</X>
      <Y>0.2624989</Y>
    </Location>
    <Size>
      <Width>64.55832</Width>
      <Height>70.11458</Height>
    </Size>
    <Description></Description>
  </NodeInfo>
  <NodeInfo name="Airbags" type="Fact">
    <Label>
      <Text>Airbags</Text>
      <Font>
        <Name>Microsoft Sans Serif</Name>
        <Style>Regular</Style>
        <Size>9</Size>
      </Font>
    </Label>
    <FillColorFrom>-7876885</FillColorFrom>
    <FillColorTo>-7876885</FillColorTo>
    <Border>
      <Color>-16777216</Color>
      <Width>0.3</Width>
    </Border>
    <Location>
      <X>97.39375</X>
      <Y>0.04166603</Y>
    </Location>
    <Size>
      <Width>41.53957</Width>
      <Height>27.51666</Height>
    </Size>
    <Description></Description>
  </NodeInfo>
  <NodeInfo name="CarType" type="Option">
    <Label>
      <Text>CarType</Text>
      <Font>
        <Name>Microsoft Sans Serif</Name>
        <Style>Regular</Style>
        <Size>9</Size>
      </Font>
    </Label>
    <FillColorFrom>-329006</FillColorFrom>
    <FillColorTo>-329006</FillColorTo>
    <Border>
      <Color>-16777216</Color>
      <Width>0.3</Width>
    </Border>
    <Location>
      <X>109.5646</X>
      <Y>38.1</Y>
    </Location>
    <Size>
      <Width>30</Width>
      <Height>30</Height>
    </Size>
    <Description></Description>
  </NodeInfo>
  <NodeInfo name="Driver" type="Fact">
    <Label>
      <Text>Driver</Text>
      <Font>
        <Name>Microsoft Sans Serif</Name>
        <Style>Regular</Style>
        <Size>9</Size>
      </Font>
    </Label>
    <FillColorFrom>-7876885</FillColorFrom>
    <FillColorTo>-7876885</FillColorTo>
    <Border>
      <Color>-16777216</Color>
      <Width>0.3</Width>
    </Border>
    <Location>
      <X>183.3895</X>
      <Y>0.2625008</Y>
    </Location>
    <Size>
      <Width>62.17709</Width>
      <Height>66.41041</Height>
    </Size>
    <Description></Description>
  </NodeInfo>
  <NodeInfo name="Gender" type="Option">
    <Label>
      <Text>Gender</Text>
      <Font>
        <Name>Microsoft Sans Serif</Name>
        <Style>Regular</Style>
        <Size>9</Size>
      </Font>
    </Label>
    <FillColorFrom>-329006</FillColorFrom>
    <FillColorTo>-329006</FillColorTo>
    <Border>
      <Color>-16777216</Color>
      <Width>0.3</Width>
    </Border>
    <Location>
      <X>279.546</X>
      <Y>-0.264576</Y>
    </Location>
    <Size>
      <Width>30</Width>
      <Height>20.90208</Height>
    </Size>
    <Description></Description>
  </NodeInfo>
  <NodeInfo name="ClientType" type="Option">
    <Label>
      <Text>ClientType</Text>
      <Font>
        <Name>Microsoft Sans Serif</Name>
        <Style>Regular</Style>
        <Size>9</Size>
      </Font>
    </Label>
    <FillColorFrom>-329006</FillColorFrom>
    <FillColorTo>-329006</FillColorTo>
    <Border>
      <Color>-16777216</Color>
      <Width>0.3</Width>
    </Border>
    <Location>
      <X>279.796</X>
      <Y>26.19374</Y>
    </Location>
    <Size>
      <Width>40.21667</Width>
      <Height>22.225</Height>
    </Size>
    <Description></Description>
  </NodeInfo>
  <NodeInfo name="Location" type="Option">
    <Label>
      <Text>Location</Text>
      <Font>
        <Name>Microsoft Sans Serif</Name>
        <Style>Regular</Style>
        <Size>9</Size>
      </Font>
    </Label>
    <FillColorFrom>-329006</FillColorFrom>
    <FillColorTo>-329006</FillColorTo>
    <Border>
      <Color>-16777216</Color>
      <Width>0.3</Width>
    </Border>
    <Location>
      <X>279.8105</X>
      <Y>56.09168</Y>
    </Location>
    <Size>
      <Width>30.00002</Width>
      <Height>46.0375</Height>
    </Size>
    <Description></Description>
  </NodeInfo>
  <NodeInfo name="Transition61" type="Transition">
    <Label>
      <Text>Airbag</Text>
      <Font>
        <Name>Microsoft Sans Serif</Name>
        <Style>Regular</Style>
        <Size>9</Size>
      </Font>
    </Label>
    <FillColorFrom>-9868951</FillColorFrom>
    <FillColorTo>-9868951</FillColorTo>
    <Border>
      <Color>-16777216</Color>
      <Width>0.3</Width>
    </Border>
    <Location>
      <X>66.93123</X>
      <Y>14.50419</Y>
    </Location>
    <Size>
      <Width>30.76253</Width>
      <Height>2.058312</Height>
    </Size>
    <Shape>Polyline</Shape>
    <SegmentCount>1</SegmentCount>
    <Anchors>
      <Origin>-1</Origin>
      <Destination>-1</Destination>
    </Anchors>
    <Base>Rhombus</Base>
    <Pen>0/#FF000000/0.3/0/0//0/0/10/</Pen>
    <Points>
      <Point>
        <X>67.23123</X>
        <Y>16.2625</Y>
      </Point>
      <Point>
        <X>97.39375</X>
        <Y>14.80419</Y>
      </Point>
      <Start>
        <X>67.23123</X>
        <Y>16.2625</Y>
      </Start>
      <End>
        <X>97.39375</X>
        <Y>14.80419</Y>
      </End>
    </Points>
    <Fact reference="Car.Airbag" to="Airbags" />
    <Description></Description>
  </NodeInfo>
  <NodeInfo name="Transition62" type="Transition">
    <Label>
      <Text>CarType</Text>
      <Font>
        <Name>Microsoft Sans Serif</Name>
        <Style>Regular</Style>
        <Size>9</Size>
      </Font>
    </Label>
    <FillColorFrom>-9868951</FillColorFrom>
    <FillColorTo>-9868951</FillColorTo>
    <Border>
      <Color>-16777216</Color>
      <Width>0.3</Width>
    </Border>
    <Location>
      <X>66.93123</X>
      <Y>51.9625</Y>
    </Location>
    <Size>
      <Width>42.93337</Width>
      <Height>1.21838</Height>
    </Size>
    <Shape>Polyline</Shape>
    <SegmentCount>1</SegmentCount>
    <Anchors>
      <Origin>-1</Origin>
      <Destination>-1</Destination>
    </Anchors>
    <Base>Rhombus</Base>
    <Pen>0/#FF000000/0.3/0/0//0/0/10/</Pen>
    <Points>
      <Point>
        <X>67.23123</X>
        <Y>52.2625</Y>
      </Point>
      <Point>
        <X>109.5646</X>
        <Y>52.88088</Y>
      </Point>
      <Start>
        <X>67.23123</X>
        <Y>52.2625</Y>
      </Start>
      <End>
        <X>109.5646</X>
        <Y>52.88088</Y>
      </End>
    </Points>
    <Fact reference="Car.CarType" to="CarType" />
    <Description></Description>
  </NodeInfo>
  <NodeInfo name="Transition63" type="Transition">
    <Label>
      <Text>Gender</Text>
      <Font>
        <Name>Microsoft Sans Serif</Name>
        <Style>Regular</Style>
        <Size>9</Size>
      </Font>
    </Label>
    <FillColorFrom>-9868951</FillColorFrom>
    <FillColorTo>-9868951</FillColorTo>
    <Border>
      <Color>-16777216</Color>
      <Width>0.3</Width>
    </Border>
    <Location>
      <X>245.2666</X>
      <Y>11.74725</Y>
    </Location>
    <Size>
      <Width>34.57938</Width>
      <Height>4.81525</Height>
    </Size>
    <Shape>Polyline</Shape>
    <SegmentCount>1</SegmentCount>
    <Anchors>
      <Origin>-1</Origin>
      <Destination>-1</Destination>
    </Anchors>
    <Base>Rhombus</Base>
    <Pen>0/#FF000000/0.3/0/0//0/0/10/</Pen>
    <Points>
      <Point>
        <X>245.5666</X>
        <Y>16.2625</Y>
      </Point>
      <Point>
        <X>279.546</X>
        <Y>12.04725</Y>
      </Point>
      <Start>
        <X>245.5666</X>
        <Y>16.2625</Y>
      </Start>
      <End>
        <X>279.546</X>
        <Y>12.04725</Y>
      </End>
    </Points>
    <Fact reference="Driver.Gender" to="Gender" />
    <Description></Description>
  </NodeInfo>
  <NodeInfo name="Transition64" type="Transition">
    <Label>
      <Text>ClientType</Text>
      <Font>
        <Name>Microsoft Sans Serif</Name>
        <Style>Regular</Style>
        <Size>9</Size>
      </Font>
    </Label>
    <FillColorFrom>-9868951</FillColorFrom>
    <FillColorTo>-9868951</FillColorTo>
    <Border>
      <Color>-16777216</Color>
      <Width>0.3</Width>
    </Border>
    <Location>
      <X>245.2666</X>
      <Y>40.32062</Y>
    </Location>
    <Size>
      <Width>34.82938</Width>
      <Height>6.241879</Height>
    </Size>
    <Shape>Polyline</Shape>
    <SegmentCount>1</SegmentCount>
    <Anchors>
      <Origin>-1</Origin>
      <Destination>-1</Destination>
    </Anchors>
    <Base>Rhombus</Base>
    <Pen>0/#FF000000/0.3/0/0//0/0/10/</Pen>
    <Points>
      <Point>
        <X>245.5666</X>
        <Y>46.2625</Y>
      </Point>
      <Point>
        <X>279.796</X>
        <Y>40.62062</Y>
      </Point>
      <Start>
        <X>245.5666</X>
        <Y>46.2625</Y>
      </Start>
      <End>
        <X>279.796</X>
        <Y>40.62062</Y>
      </End>
    </Points>
    <Fact reference="Driver.ClientType" to="ClientType" />
    <Description></Description>
  </NodeInfo>
  <NodeInfo name="Transition65" type="Transition">
    <Label>
      <Text>Location</Text>
      <Font>
        <Name>Microsoft Sans Serif</Name>
        <Style>Regular</Style>
        <Size>9</Size>
      </Font>
    </Label>
    <FillColorFrom>-9868951</FillColorFrom>
    <FillColorTo>-9868951</FillColorTo>
    <Border>
      <Color>-16777216</Color>
      <Width>0.3</Width>
    </Border>
    <Location>
      <X>245.2666</X>
      <Y>57.9625</Y>
    </Location>
    <Size>
      <Width>34.84387</Width>
      <Height>15.09751</Height>
    </Size>
    <Shape>Polyline</Shape>
    <SegmentCount>1</SegmentCount>
    <Anchors>
      <Origin>-1</Origin>
      <Destination>-1</Destination>
    </Anchors>
    <Base>Rhombus</Base>
    <Pen>0/#FF000000/0.3/0/0//0/0/10/</Pen>
    <Points>
      <Point>
        <X>245.5666</X>
        <Y>58.2625</Y>
      </Point>
      <Point>
        <X>279.8105</X>
        <Y>72.76001</Y>
      </Point>
      <Start>
        <X>245.5666</X>
        <Y>58.2625</Y>
      </Start>
      <End>
        <X>279.8105</X>
        <Y>72.76001</Y>
      </End>
    </Points>
    <Fact reference="Driver.Location" to="Location" />
    <Description></Description>
  </NodeInfo>
</Nodes>