<Nodes version="2">
  <NodeInfo name="AutoPremiumFlow" type="Flow" />
  <NodeInfo name="Start231" type="Start">
    <Label>
      <Text></Text>
      <Font>
        <Name>Microsoft Sans Serif</Name>
        <Style>Regular</Style>
        <Size>9</Size>
      </Font>
      <Size>
        <Width>7</Width>
        <Height>7</Height>
      </Size>
      <Location>
        <X>82.19586</X>
        <Y>57.0604</Y>
      </Location>
      <Alignment>
        <Vertical>Center</Vertical>
        <Horizontal>Center</Horizontal>
      </Alignment>
    </Label>
    <Image></Image>
    <ImageAlign>Center</ImageAlign>
    <FillColorFrom>-4139365</FillColorFrom>
    <FillColorTo>-4139365</FillColorTo>
    <Border>
      <Color>-16777216</Color>
      <Width>0.3</Width>
    </Border>
    <Location>
      <X>82.19586</X>
      <Y>57.0604</Y>
    </Location>
    <Size>
      <Width>7</Width>
      <Height>7</Height>
    </Size>
  </NodeInfo>
  <NodeInfo name="Decision234" type="Decision">
    <Label>
      <Text></Text>
      <Font>
        <Name>Microsoft Sans Serif</Name>
        <Style>Regular</Style>
        <Size>9</Size>
      </Font>
      <Size>
        <Width>10</Width>
        <Height>10</Height>
      </Size>
      <Location>
        <X>173.4557</X>
        <Y>55.5604</Y>
      </Location>
      <Alignment>
        <Vertical>Center</Vertical>
        <Horizontal>Center</Horizontal>
      </Alignment>
    </Label>
    <Image></Image>
    <ImageAlign>Center</ImageAlign>
    <FillColorFrom>-343921</FillColorFrom>
    <FillColorTo>-343921</FillColorTo>
    <Border>
      <Color>-16777216</Color>
      <Width>0.3</Width>
    </Border>
    <Location>
      <X>172.987</X>
      <Y>55.5604</Y>
    </Location>
    <Size>
      <Width>10.9375</Width>
      <Height>10</Height>
    </Size>
  </NodeInfo>
  <NodeInfo name="Activity238" type="Activity">
    <Label>
      <Text>Decline</Text>
      <Font>
        <Name>Microsoft Sans Serif</Name>
        <Style>Regular</Style>
        <Size>9</Size>
      </Font>
      <Size>
        <Width>18.72084</Width>
        <Height>10</Height>
      </Size>
      <Location>
        <X>169.2224</X>
        <Y>89.86873</Y>
      </Location>
      <Alignment>
        <Vertical>Center</Vertical>
        <Horizontal>Center</Horizontal>
      </Alignment>
    </Label>
    <Image></Image>
    <ImageAlign>Center</ImageAlign>
    <FillColorFrom>-272971</FillColorFrom>
    <FillColorTo>-272971</FillColorTo>
    <Border>
      <Color>-16777216</Color>
      <Width>0.3</Width>
    </Border>
    <Location>
      <X>167.1593</X>
      <Y>89.33952</Y>
    </Location>
    <Size>
      <Width>22.59282</Width>
      <Height>9.925041</Height>
    </Size>
  </NodeInfo>
  <NodeInfo name="Terminate240" type="Terminate">
    <Label>
      <Text></Text>
      <Font>
        <Name>Microsoft Sans Serif</Name>
        <Style>Regular</Style>
        <Size>9</Size>
      </Font>
      <Size>
        <Width>7</Width>
        <Height>7</Height>
      </Size>
      <Location>
        <X>245.7176</X>
        <Y>90.80205</Y>
      </Location>
      <Alignment>
        <Vertical>Center</Vertical>
        <Horizontal>Center</Horizontal>
      </Alignment>
    </Label>
    <Image></Image>
    <ImageAlign>Center</ImageAlign>
    <FillColorFrom>-2517356</FillColorFrom>
    <FillColorTo>-2517356</FillColorTo>
    <Border>
      <Color>-16777216</Color>
      <Width>0.3</Width>
    </Border>
    <Location>
      <X>245.7176</X>
      <Y>90.80205</Y>
    </Location>
    <Size>
      <Width>7</Width>
      <Height>7.000008</Height>
    </Size>
  </NodeInfo>
  <NodeInfo name="Activity292" type="Activity">
    <Label>
      <Text>Calculate Auto Premium</Text>
      <Font>
        <Name>Microsoft Sans Serif</Name>
        <Style>Regular</Style>
        <Size>9</Size>
      </Font>
      <Size>
        <Width>15</Width>
        <Height>15</Height>
      </Size>
      <Location>
        <X>170.9557</X>
        <Y>22.13541</Y>
      </Location>
      <Alignment>
        <Vertical>Center</Vertical>
        <Horizontal>Center</Horizontal>
      </Alignment>
    </Label>
    <Image></Image>
    <ImageAlign>Center</ImageAlign>
    <FillColorFrom>-2624513</FillColorFrom>
    <FillColorTo>-2624513</FillColorTo>
    <Border>
      <Color>-16777216</Color>
      <Width>0.3</Width>
    </Border>
    <Location>
      <X>168.3776</X>
      <Y>22.13541</Y>
    </Location>
    <Size>
      <Width>20.15624</Width>
      <Height>15.49792</Height>
    </Size>
  </NodeInfo>
  <NodeInfo name="End296" type="End">
    <Label>
      <Text></Text>
      <Font>
        <Name>Microsoft Sans Serif</Name>
        <Style>Regular</Style>
        <Size>9</Size>
      </Font>
      <Size>
        <Width>7</Width>
        <Height>7</Height>
      </Size>
      <Location>
        <X>245.7176</X>
        <Y>26.38437</Y>
      </Location>
      <Alignment>
        <Vertical>Center</Vertical>
        <Horizontal>Center</Horizontal>
      </Alignment>
    </Label>
    <Image></Image>
    <ImageAlign>Center</ImageAlign>
    <FillColorFrom>-2517356</FillColorFrom>
    <FillColorTo>-2517356</FillColorTo>
    <Border>
      <Color>-16777216</Color>
      <Width>0.3</Width>
    </Border>
    <Location>
      <X>245.7176</X>
      <Y>26.38437</Y>
    </Location>
    <Size>
      <Width>7</Width>
      <Height>7</Height>
    </Size>
  </NodeInfo>
  <NodeInfo name="Activity42" type="Activity">
    <Label>
      <Text>Input 
Data
Validation</Text>
      <Font>
        <Name>Microsoft Sans Serif</Name>
        <Style>Regular</Style>
        <Size>9</Size>
      </Font>
      <Size>
        <Width>20</Width>
        <Height>13</Height>
      </Size>
      <Location>
        <X>99.43961</X>
        <Y>54.0604</Y>
      </Location>
      <Alignment>
        <Vertical>Center</Vertical>
        <Horizontal>Center</Horizontal>
      </Alignment>
    </Label>
    <Image></Image>
    <ImageAlign>Center</ImageAlign>
    <FillColorFrom>-3942757</FillColorFrom>
    <FillColorTo>-3942757</FillColorTo>
    <Border>
      <Color>-16777216</Color>
      <Width>0.3</Width>
    </Border>
    <Location>
      <X>98.38126</X>
      <Y>54.0604</Y>
    </Location>
    <Size>
      <Width>20</Width>
      <Height>13</Height>
    </Size>
  </NodeInfo>
  <NodeInfo name="Terminate45" type="Terminate">
    <Label>
      <Text></Text>
      <Font>
        <Name>Microsoft Sans Serif</Name>
        <Style>Regular</Style>
        <Size>9</Size>
      </Font>
      <Size>
        <Width>7</Width>
        <Height>7</Height>
      </Size>
      <Location>
        <X>104.8813</X>
        <Y>83.03543</Y>
      </Location>
      <Alignment>
        <Vertical>Center</Vertical>
        <Horizontal>Center</Horizontal>
      </Alignment>
    </Label>
    <Image></Image>
    <ImageAlign>Center</ImageAlign>
    <FillColorFrom>-2517356</FillColorFrom>
    <FillColorTo>-2517356</FillColorTo>
    <Border>
      <Color>-16777216</Color>
      <Width>0.3</Width>
    </Border>
    <Location>
      <X>104.8813</X>
      <Y>83.03543</Y>
    </Location>
    <Size>
      <Width>7</Width>
      <Height>7</Height>
    </Size>
  </NodeInfo>
  <NodeInfo name="Terminate162" type="Terminate">
    <Label>
      <Text></Text>
      <Font>
        <Name>Microsoft Sans Serif</Name>
        <Style>Regular</Style>
        <Size>9</Size>
      </Font>
      <Size>
        <Width>7</Width>
        <Height>7</Height>
      </Size>
      <Location>
        <X>245.7176</X>
        <Y>57.0604</Y>
      </Location>
      <Alignment>
        <Vertical>Center</Vertical>
        <Horizontal>Center</Horizontal>
      </Alignment>
    </Label>
    <Image></Image>
    <ImageAlign>Center</ImageAlign>
    <FillColorFrom>-2517356</FillColorFrom>
    <FillColorTo>-2517356</FillColorTo>
    <Border>
      <Color>-16777216</Color>
      <Width>0.3</Width>
    </Border>
    <Location>
      <X>245.7176</X>
      <Y>57.0604</Y>
    </Location>
    <Size>
      <Width>7</Width>
      <Height>7</Height>
    </Size>
  </NodeInfo>
  <NodeInfo name="Activity163" type="Activity">
    <Label>
      <Text>Manual Underwriting</Text>
      <Font>
        <Name>Microsoft Sans Serif</Name>
        <Style>Regular</Style>
        <Size>9</Size>
      </Font>
      <Size>
        <Width>25.39999</Width>
        <Height>9.614586</Height>
      </Size>
      <Location>
        <X>201.6583</X>
        <Y>55.7531</Y>
      </Location>
      <Alignment>
        <Vertical>Center</Vertical>
        <Horizontal>Center</Horizontal>
      </Alignment>
    </Label>
    <Image></Image>
    <ImageAlign>Center</ImageAlign>
    <FillColorFrom>-1711892</FillColorFrom>
    <FillColorTo>-1711892</FillColorTo>
    <Border>
      <Color>-16777216</Color>
      <Width>0.3</Width>
    </Border>
    <Location>
      <X>200.5105</X>
      <Y>54.16561</Y>
    </Location>
    <Size>
      <Width>27.07707</Width>
      <Height>12.78958</Height>
    </Size>
  </NodeInfo>
  <NodeInfo name="Transition43" type="Transition">
    <Label>
      <Text></Text>
      <Font>
        <Name>Microsoft Sans Serif</Name>
        <Style>Regular</Style>
        <Size>9</Size>
      </Font>
    </Label>
    <FillColorFrom>-9868951</FillColorFrom>
    <FillColorTo>-9868951</FillColorTo>
    <Border>
      <Color>-16777216</Color>
      <Width>0.3</Width>
    </Border>
    <Location>
      <X>88.95</X>
      <Y>60.2604</Y>
    </Location>
    <Size>
      <Width>12.53127</Width>
      <Height>0.5999985</Height>
    </Size>
    <Shape>Polyline</Shape>
    <SegmentCount>1</SegmentCount>
    <Anchors>
      <Origin>-1</Origin>
      <Destination>-1</Destination>
    </Anchors>
    <Head>Triangle</Head>
    <Pen>0/#FF000000/0.3/0/0//0/0/10/</Pen>
    <Points>
      <Point>
        <X>89.25</X>
        <Y>60.5604</Y>
      </Point>
      <Point>
        <X>101.1813</X>
        <Y>60.5604</Y>
      </Point>
      <Start>
        <X>89.25</X>
        <Y>60.5604</Y>
      </Start>
      <End>
        <X>101.1813</X>
        <Y>60.5604</Y>
      </End>
    </Points>
  </NodeInfo>
  <NodeInfo name="Transition239" type="Transition">
    <Label>
      <Text>Eligibility Score &gt; 250</Text>
      <Font>
        <Name>Microsoft Sans Serif</Name>
        <Style>Regular</Style>
        <Size>9</Size>
      </Font>
    </Label>
    <FillColorFrom>-9868951</FillColorFrom>
    <FillColorTo>-9868951</FillColorTo>
    <Border>
      <Color>-16777216</Color>
      <Width>0.3</Width>
    </Border>
    <Location>
      <X>178.4557</X>
      <Y>65.56041</Y>
    </Location>
    <Size>
      <Width>3.051758E-05</Width>
      <Height>23.77911</Height>
    </Size>
    <Shape>Polyline</Shape>
    <SegmentCount>1</SegmentCount>
    <Anchors>
      <Origin>-1</Origin>
      <Destination>-1</Destination>
    </Anchors>
    <Head>Triangle</Head>
    <Pen>0/#FF000000/0/0/0//0/0/10/</Pen>
    <Points>
      <Point>
        <X>178.4557</X>
        <Y>65.56041</Y>
      </Point>
      <Point>
        <X>178.4557</X>
        <Y>89.33952</Y>
      </Point>
      <Start>
        <X>178.4557</X>
        <Y>65.56041</Y>
      </Start>
      <End>
        <X>178.4557</X>
        <Y>89.33952</Y>
      </End>
    </Points>
  </NodeInfo>
  <NodeInfo name="Transition293" type="Transition">
    <Label>
      <Text>Eligibility Score &lt; 100</Text>
      <Font>
        <Name>Microsoft Sans Serif</Name>
        <Style>Regular</Style>
        <Size>9</Size>
      </Font>
    </Label>
    <FillColorFrom>-9868951</FillColorFrom>
    <FillColorTo>-9868951</FillColorTo>
    <Border>
      <Color>-16777216</Color>
      <Width>0.3</Width>
    </Border>
    <Location>
      <X>178.4557</X>
      <Y>37.63333</Y>
    </Location>
    <Size>
      <Width>1.525879E-05</Width>
      <Height>17.92707</Height>
    </Size>
    <Shape>Polyline</Shape>
    <SegmentCount>1</SegmentCount>
    <Anchors>
      <Origin>-1</Origin>
      <Destination>-1</Destination>
    </Anchors>
    <Head>Triangle</Head>
    <Pen>0/#FF000000/0/0/0//0/0/10/</Pen>
    <Points>
      <Point>
        <X>178.4557</X>
        <Y>55.5604</Y>
      </Point>
      <Point>
        <X>178.4557</X>
        <Y>37.63333</Y>
      </Point>
      <Start>
        <X>178.4557</X>
        <Y>55.5604</Y>
      </Start>
      <End>
        <X>178.4557</X>
        <Y>37.63333</Y>
      </End>
    </Points>
  </NodeInfo>
  <NodeInfo name="Transition164" type="Transition">
    <Label>
      <Text></Text>
      <Font>
        <Name>Microsoft Sans Serif</Name>
        <Style>Regular</Style>
        <Size>9</Size>
      </Font>
    </Label>
    <FillColorFrom>-9868951</FillColorFrom>
    <FillColorTo>-9868951</FillColorTo>
    <Border>
      <Color>-16777216</Color>
      <Width>0.3</Width>
    </Border>
    <Location>
      <X>183.6245</X>
      <Y>60.2604</Y>
    </Location>
    <Size>
      <Width>17.186</Width>
      <Height>0.5999985</Height>
    </Size>
    <Shape>Polyline</Shape>
    <SegmentCount>1</SegmentCount>
    <Anchors>
      <Origin>-1</Origin>
      <Destination>-1</Destination>
    </Anchors>
    <Head>Triangle</Head>
    <Pen>0/#FF000000/0.3/0/0//0/0/10/</Pen>
    <Points>
      <Point>
        <X>183.9245</X>
        <Y>60.5604</Y>
      </Point>
      <Point>
        <X>200.5105</X>
        <Y>60.5604</Y>
      </Point>
      <Start>
        <X>183.9245</X>
        <Y>60.5604</Y>
      </Start>
      <End>
        <X>200.5105</X>
        <Y>60.5604</Y>
      </End>
    </Points>
  </NodeInfo>
  <NodeInfo name="Transition241" type="Transition">
    <Label>
      <Text></Text>
      <Font>
        <Name>Microsoft Sans Serif</Name>
        <Style>Regular</Style>
        <Size>9</Size>
      </Font>
    </Label>
    <FillColorFrom>-9868951</FillColorFrom>
    <FillColorTo>-9868951</FillColorTo>
    <Border>
      <Color>-16777216</Color>
      <Width>0.3</Width>
    </Border>
    <Location>
      <X>189.4521</X>
      <Y>94.00204</Y>
    </Location>
    <Size>
      <Width>56.59981</Width>
      <Height>0.6000061</Height>
    </Size>
    <Shape>Polyline</Shape>
    <SegmentCount>1</SegmentCount>
    <Anchors>
      <Origin>-1</Origin>
      <Destination>-1</Destination>
    </Anchors>
    <Head>Triangle</Head>
    <Pen>0/#FF000000/0.3/0/0//0/0/10/</Pen>
    <Points>
      <Point>
        <X>189.7521</X>
        <Y>94.30205</Y>
      </Point>
      <Point>
        <X>245.7519</X>
        <Y>94.30205</Y>
      </Point>
      <Start>
        <X>189.7521</X>
        <Y>94.30205</Y>
      </Start>
      <End>
        <X>245.7519</X>
        <Y>94.30205</Y>
      </End>
    </Points>
  </NodeInfo>
  <NodeInfo name="Transition81" type="Transition">
    <Label>
      <Text></Text>
      <Font>
        <Name>Microsoft Sans Serif</Name>
        <Style>Regular</Style>
        <Size>9</Size>
      </Font>
    </Label>
    <FillColorFrom>-9868951</FillColorFrom>
    <FillColorTo>-9868951</FillColorTo>
    <Border>
      <Color>-16777216</Color>
      <Width>0.3</Width>
    </Border>
    <Location>
      <X>188.2338</X>
      <Y>29.58437</Y>
    </Location>
    <Size>
      <Width>57.82584</Width>
      <Height>0.6000004</Height>
    </Size>
    <Shape>Polyline</Shape>
    <SegmentCount>1</SegmentCount>
    <Anchors>
      <Origin>-1</Origin>
      <Destination>-1</Destination>
    </Anchors>
    <Head>Triangle</Head>
    <Pen>0/#FF000000/0.3/0/0//0/0/10/</Pen>
    <Points>
      <Point>
        <X>188.5338</X>
        <Y>29.88437</Y>
      </Point>
      <Point>
        <X>245.7597</X>
        <Y>29.88437</Y>
      </Point>
      <Start>
        <X>188.5338</X>
        <Y>29.88437</Y>
      </Start>
      <End>
        <X>245.7597</X>
        <Y>29.88437</Y>
      </End>
    </Points>
  </NodeInfo>
  <NodeInfo name="Transition46" type="Transition">
    <Label>
      <Text></Text>
      <Font>
        <Name>Microsoft Sans Serif</Name>
        <Style>Regular</Style>
        <Size>9</Size>
      </Font>
    </Label>
    <FillColorFrom>-9868951</FillColorFrom>
    <FillColorTo>-9868951</FillColorTo>
    <Border>
      <Color>-16777216</Color>
      <Width>0.3</Width>
    </Border>
    <Location>
      <X>108.0813</X>
      <Y>66.7604</Y>
    </Location>
    <Size>
      <Width>0.6000061</Width>
      <Height>16.61233</Height>
    </Size>
    <Shape>Polyline</Shape>
    <SegmentCount>1</SegmentCount>
    <Anchors>
      <Origin>-1</Origin>
      <Destination>-1</Destination>
    </Anchors>
    <Head>Triangle</Head>
    <Pen>0/#FF000000/0.3/0/0//0/0/10/</Pen>
    <Points>
      <Point>
        <X>108.3813</X>
        <Y>67.0604</Y>
      </Point>
      <Point>
        <X>108.3813</X>
        <Y>83.07272</Y>
      </Point>
      <Start>
        <X>108.3813</X>
        <Y>67.0604</Y>
      </Start>
      <End>
        <X>108.3813</X>
        <Y>83.07272</Y>
      </End>
    </Points>
  </NodeInfo>
  <NodeInfo name="Transition165" type="Transition">
    <Label>
      <Text></Text>
      <Font>
        <Name>Microsoft Sans Serif</Name>
        <Style>Regular</Style>
        <Size>9</Size>
      </Font>
    </Label>
    <FillColorFrom>-9868951</FillColorFrom>
    <FillColorTo>-9868951</FillColorTo>
    <Border>
      <Color>-16777216</Color>
      <Width>0.3</Width>
    </Border>
    <Location>
      <X>227.2876</X>
      <Y>60.26039</Y>
    </Location>
    <Size>
      <Width>18.76283</Width>
      <Height>0.6000061</Height>
    </Size>
    <Shape>Polyline</Shape>
    <SegmentCount>1</SegmentCount>
    <Anchors>
      <Origin>-1</Origin>
      <Destination>-1</Destination>
    </Anchors>
    <Head>Triangle</Head>
    <Pen>0/#FF000000/0.3/0/0//0/0/10/</Pen>
    <Points>
      <Point>
        <X>227.5876</X>
        <Y>60.56039</Y>
      </Point>
      <Point>
        <X>245.7504</X>
        <Y>60.56039</Y>
      </Point>
      <Start>
        <X>227.5876</X>
        <Y>60.56039</Y>
      </Start>
      <End>
        <X>245.7504</X>
        <Y>60.56039</Y>
      </End>
    </Points>
  </NodeInfo>
  <NodeInfo name="Activity114" type="Activity">
    <Label>
      <Text>Determine Eligibility Score</Text>
      <Font>
        <Name>Microsoft Sans Serif</Name>
        <Style>Regular</Style>
        <Size>9</Size>
      </Font>
      <Size>
        <Width>15.90103</Width>
        <Height>15</Height>
      </Size>
      <Location>
        <X>136.0417</X>
        <Y>53.86978</Y>
      </Location>
      <Alignment>
        <Vertical>Center</Vertical>
        <Horizontal>Center</Horizontal>
      </Alignment>
    </Label>
    <Image></Image>
    <ImageAlign>Center</ImageAlign>
    <FillColorFrom>-2624513</FillColorFrom>
    <FillColorTo>-2624513</FillColorTo>
    <Border>
      <Color>-16777216</Color>
      <Width>0.3</Width>
    </Border>
    <Location>
      <X>133.3062</X>
      <Y>52.81144</Y>
    </Location>
    <Size>
      <Width>20.15623</Width>
      <Height>15.49792</Height>
    </Size>
  </NodeInfo>
  <NodeInfo name="Transition115" type="Transition">
    <Label>
      <Text></Text>
      <Font>
        <Name>Microsoft Sans Serif</Name>
        <Style>Regular</Style>
        <Size>9</Size>
      </Font>
    </Label>
    <FillColorFrom>-9868951</FillColorFrom>
    <FillColorTo>-9868951</FillColorTo>
    <Border>
      <Color>-16777216</Color>
      <Width>0.3</Width>
    </Border>
    <Location>
      <X>118.3813</X>
      <Y>60.5604</Y>
    </Location>
    <Size>
      <Width>14.92499</Width>
      <Height>3.814697E-06</Height>
    </Size>
    <Shape>Polyline</Shape>
    <SegmentCount>1</SegmentCount>
    <Anchors>
      <Origin>-1</Origin>
      <Destination>-1</Destination>
    </Anchors>
    <Head>Triangle</Head>
    <Pen>0/#FF000000/0/0/0//0/0/10/</Pen>
    <Points>
      <Point>
        <X>118.3813</X>
        <Y>60.5604</Y>
      </Point>
      <Point>
        <X>133.3062</X>
        <Y>60.5604</Y>
      </Point>
      <Start>
        <X>118.3813</X>
        <Y>60.5604</Y>
      </Start>
      <End>
        <X>133.3062</X>
        <Y>60.5604</Y>
      </End>
    </Points>
  </NodeInfo>
  <NodeInfo name="Transition116" type="Transition">
    <Label>
      <Text></Text>
      <Font>
        <Name>Microsoft Sans Serif</Name>
        <Style>Regular</Style>
        <Size>9</Size>
      </Font>
    </Label>
    <FillColorFrom>-9868951</FillColorFrom>
    <FillColorTo>-9868951</FillColorTo>
    <Border>
      <Color>-16777216</Color>
      <Width>0.3</Width>
    </Border>
    <Location>
      <X>153.4625</X>
      <Y>60.5604</Y>
    </Location>
    <Size>
      <Width>19.52452</Width>
      <Height>0</Height>
    </Size>
    <Shape>Polyline</Shape>
    <SegmentCount>1</SegmentCount>
    <Anchors>
      <Origin>-1</Origin>
      <Destination>-1</Destination>
    </Anchors>
    <Head>Triangle</Head>
    <Points>
      <Point>
        <X>153.4625</X>
        <Y>60.5604</Y>
      </Point>
      <Point>
        <X>172.987</X>
        <Y>60.5604</Y>
      </Point>
      <Start>
        <X>153.4625</X>
        <Y>60.5604</Y>
      </Start>
      <End>
        <X>172.987</X>
        <Y>60.5604</Y>
      </End>
    </Points>
  </NodeInfo>
</Nodes>