<Nodes version="2">
  <NodeInfo name="AutoPremiumFlow" type="Flow" />
  <NodeInfo name="Start231" type="Start">
    <Label>
      <Text></Text>
      <Font>
        <Name>Microsoft Sans Serif</Name>
        <Style>Regular</Style>
        <Size>9</Size>
      </Font>
      <Size>
        <Width>7</Width>
        <Height>7</Height>
      </Size>
      <Location>
        <X>64.46877</X>
        <Y>56.79582</Y>
      </Location>
      <Alignment>
        <Vertical>Center</Vertical>
        <Horizontal>Center</Horizontal>
      </Alignment>
    </Label>
    <Image></Image>
    <ImageAlign>Center</ImageAlign>
    <FillColorFrom>-4139365</FillColorFrom>
    <FillColorTo>-4139365</FillColorTo>
    <Border>
      <Color>-16777216</Color>
      <Width>0.3</Width>
    </Border>
    <Location>
      <X>64.46877</X>
      <Y>56.79582</Y>
    </Location>
    <Size>
      <Width>7</Width>
      <Height>7</Height>
    </Size>
  </NodeInfo>
  <NodeInfo name="Activity232" type="Activity">
    <Label>
      <Text>Calculate Eligibility Score</Text>
      <Font>
        <Name>Microsoft Sans Serif</Name>
        <Style>Regular</Style>
        <Size>9</Size>
      </Font>
      <Size>
        <Width>15</Width>
        <Height>15</Height>
      </Size>
      <Location>
        <X>141.5302</X>
        <Y>54.13437</Y>
      </Location>
      <Alignment>
        <Vertical>Center</Vertical>
        <Horizontal>Center</Horizontal>
      </Alignment>
    </Label>
    <Image></Image>
    <ImageAlign>Center</ImageAlign>
    <FillColorFrom>-2624513</FillColorFrom>
    <FillColorTo>-2624513</FillColorTo>
    <Border>
      <Color>-16777216</Color>
      <Width>0.3</Width>
    </Border>
    <Location>
      <X>138.6875</X>
      <Y>52.54686</Y>
    </Location>
    <Size>
      <Width>20.15624</Width>
      <Height>15.49792</Height>
    </Size>
  </NodeInfo>
  <NodeInfo name="Decision234" type="Decision">
    <Label>
      <Text></Text>
      <Font>
        <Name>Microsoft Sans Serif</Name>
        <Style>Regular</Style>
        <Size>9</Size>
      </Font>
      <Size>
        <Width>10</Width>
        <Height>10</Height>
      </Size>
      <Location>
        <X>173.4557</X>
        <Y>55.5604</Y>
      </Location>
      <Alignment>
        <Vertical>Center</Vertical>
        <Horizontal>Center</Horizontal>
      </Alignment>
    </Label>
    <Image></Image>
    <ImageAlign>Center</ImageAlign>
    <FillColorFrom>-343921</FillColorFrom>
    <FillColorTo>-343921</FillColorTo>
    <Border>
      <Color>-16777216</Color>
      <Width>0.3</Width>
    </Border>
    <Location>
      <X>172.987</X>
      <Y>55.5604</Y>
    </Location>
    <Size>
      <Width>10.9375</Width>
      <Height>10</Height>
    </Size>
  </NodeInfo>
  <NodeInfo name="Activity238" type="Activity">
    <Label>
      <Text>Decline</Text>
      <Font>
        <Name>Microsoft Sans Serif</Name>
        <Style>Regular</Style>
        <Size>9</Size>
      </Font>
      <Size>
        <Width>18.72084</Width>
        <Height>10</Height>
      </Size>
      <Location>
        <X>169.2224</X>
        <Y>89.86873</Y>
      </Location>
      <Alignment>
        <Vertical>Center</Vertical>
        <Horizontal>Center</Horizontal>
      </Alignment>
    </Label>
    <Image></Image>
    <ImageAlign>Center</ImageAlign>
    <FillColorFrom>-272971</FillColorFrom>
    <FillColorTo>-272971</FillColorTo>
    <Border>
      <Color>-16777216</Color>
      <Width>0.3</Width>
    </Border>
    <Location>
      <X>167.1593</X>
      <Y>89.33952</Y>
    </Location>
    <Size>
      <Width>22.59282</Width>
      <Height>9.925041</Height>
    </Size>
  </NodeInfo>
  <NodeInfo name="Terminate240" type="Terminate">
    <Label>
      <Text></Text>
      <Font>
        <Name>Microsoft Sans Serif</Name>
        <Style>Regular</Style>
        <Size>9</Size>
      </Font>
      <Size>
        <Width>7</Width>
        <Height>7</Height>
      </Size>
      <Location>
        <X>245.7176</X>
        <Y>90.80205</Y>
      </Location>
      <Alignment>
        <Vertical>Center</Vertical>
        <Horizontal>Center</Horizontal>
      </Alignment>
    </Label>
    <Image></Image>
    <ImageAlign>Center</ImageAlign>
    <FillColorFrom>-2517356</FillColorFrom>
    <FillColorTo>-2517356</FillColorTo>
    <Border>
      <Color>-16777216</Color>
      <Width>0.3</Width>
    </Border>
    <Location>
      <X>245.7176</X>
      <Y>90.80205</Y>
    </Location>
    <Size>
      <Width>7</Width>
      <Height>7.000008</Height>
    </Size>
  </NodeInfo>
  <NodeInfo name="Activity292" type="Activity">
    <Label>
      <Text>Calculate Auto Premium</Text>
      <Font>
        <Name>Microsoft Sans Serif</Name>
        <Style>Regular</Style>
        <Size>9</Size>
      </Font>
      <Size>
        <Width>15</Width>
        <Height>15</Height>
      </Size>
      <Location>
        <X>170.9557</X>
        <Y>22.13541</Y>
      </Location>
      <Alignment>
        <Vertical>Center</Vertical>
        <Horizontal>Center</Horizontal>
      </Alignment>
    </Label>
    <Image></Image>
    <ImageAlign>Center</ImageAlign>
    <FillColorFrom>-2624513</FillColorFrom>
    <FillColorTo>-2624513</FillColorTo>
    <Border>
      <Color>-16777216</Color>
      <Width>0.3</Width>
    </Border>
    <Location>
      <X>168.3776</X>
      <Y>22.13541</Y>
    </Location>
    <Size>
      <Width>20.15624</Width>
      <Height>15.49792</Height>
    </Size>
  </NodeInfo>
  <NodeInfo name="End296" type="End">
    <Label>
      <Text></Text>
      <Font>
        <Name>Microsoft Sans Serif</Name>
        <Style>Regular</Style>
        <Size>9</Size>
      </Font>
      <Size>
        <Width>7</Width>
        <Height>7</Height>
      </Size>
      <Location>
        <X>245.7176</X>
        <Y>26.38437</Y>
      </Location>
      <Alignment>
        <Vertical>Center</Vertical>
        <Horizontal>Center</Horizontal>
      </Alignment>
    </Label>
    <Image></Image>
    <ImageAlign>Center</ImageAlign>
    <FillColorFrom>-2517356</FillColorFrom>
    <FillColorTo>-2517356</FillColorTo>
    <Border>
      <Color>-16777216</Color>
      <Width>0.3</Width>
    </Border>
    <Location>
      <X>245.7176</X>
      <Y>26.38437</Y>
    </Location>
    <Size>
      <Width>7</Width>
      <Height>7</Height>
    </Size>
  </NodeInfo>
  <NodeInfo name="Activity42" type="Activity">
    <Label>
      <Text>Input 
Data
Validation</Text>
      <Font>
        <Name>Microsoft Sans Serif</Name>
        <Style>Regular</Style>
        <Size>9</Size>
      </Font>
      <Size>
        <Width>20</Width>
        <Height>13</Height>
      </Size>
      <Location>
        <X>81.71252</X>
        <Y>53.79582</Y>
      </Location>
      <Alignment>
        <Vertical>Center</Vertical>
        <Horizontal>Center</Horizontal>
      </Alignment>
    </Label>
    <Image></Image>
    <ImageAlign>Center</ImageAlign>
    <FillColorFrom>-3942757</FillColorFrom>
    <FillColorTo>-3942757</FillColorTo>
    <Border>
      <Color>-16777216</Color>
      <Width>0.3</Width>
    </Border>
    <Location>
      <X>80.65417</X>
      <Y>53.79582</Y>
    </Location>
    <Size>
      <Width>20</Width>
      <Height>13</Height>
    </Size>
  </NodeInfo>
  <NodeInfo name="Terminate45" type="Terminate">
    <Label>
      <Text></Text>
      <Font>
        <Name>Microsoft Sans Serif</Name>
        <Style>Regular</Style>
        <Size>9</Size>
      </Font>
      <Size>
        <Width>7</Width>
        <Height>7</Height>
      </Size>
      <Location>
        <X>87.15417</X>
        <Y>82.77084</Y>
      </Location>
      <Alignment>
        <Vertical>Center</Vertical>
        <Horizontal>Center</Horizontal>
      </Alignment>
    </Label>
    <Image></Image>
    <ImageAlign>Center</ImageAlign>
    <FillColorFrom>-2517356</FillColorFrom>
    <FillColorTo>-2517356</FillColorTo>
    <Border>
      <Color>-16777216</Color>
      <Width>0.3</Width>
    </Border>
    <Location>
      <X>87.15417</X>
      <Y>82.77084</Y>
    </Location>
    <Size>
      <Width>7</Width>
      <Height>7</Height>
    </Size>
  </NodeInfo>
  <NodeInfo name="Terminate162" type="Terminate">
    <Label>
      <Text></Text>
      <Font>
        <Name>Microsoft Sans Serif</Name>
        <Style>Regular</Style>
        <Size>9</Size>
      </Font>
      <Size>
        <Width>7</Width>
        <Height>7</Height>
      </Size>
      <Location>
        <X>245.7176</X>
        <Y>57.0604</Y>
      </Location>
      <Alignment>
        <Vertical>Center</Vertical>
        <Horizontal>Center</Horizontal>
      </Alignment>
    </Label>
    <Image></Image>
    <ImageAlign>Center</ImageAlign>
    <FillColorFrom>-2517356</FillColorFrom>
    <FillColorTo>-2517356</FillColorTo>
    <Border>
      <Color>-16777216</Color>
      <Width>0.3</Width>
    </Border>
    <Location>
      <X>245.7176</X>
      <Y>57.0604</Y>
    </Location>
    <Size>
      <Width>7</Width>
      <Height>7</Height>
    </Size>
  </NodeInfo>
  <NodeInfo name="Activity163" type="Activity">
    <Label>
      <Text>Manual Underwriting</Text>
      <Font>
        <Name>Microsoft Sans Serif</Name>
        <Style>Regular</Style>
        <Size>9</Size>
      </Font>
      <Size>
        <Width>25.39999</Width>
        <Height>9.614586</Height>
      </Size>
      <Location>
        <X>201.6583</X>
        <Y>55.75311</Y>
      </Location>
      <Alignment>
        <Vertical>Center</Vertical>
        <Horizontal>Center</Horizontal>
      </Alignment>
    </Label>
    <Image></Image>
    <ImageAlign>Center</ImageAlign>
    <FillColorFrom>-1711892</FillColorFrom>
    <FillColorTo>-1711892</FillColorTo>
    <Border>
      <Color>-16777216</Color>
      <Width>0.3</Width>
    </Border>
    <Location>
      <X>200.5105</X>
      <Y>54.16562</Y>
    </Location>
    <Size>
      <Width>27.07707</Width>
      <Height>12.78958</Height>
    </Size>
  </NodeInfo>
  <NodeInfo name="Activity55" type="Activity">
    <Label>
      <Text>Determine Client Segmentation</Text>
      <Font>
        <Name>Microsoft Sans Serif</Name>
        <Style>Regular</Style>
        <Size>9</Size>
      </Font>
      <Size>
        <Width>20.63749</Width>
        <Height>15.00001</Height>
      </Size>
      <Location>
        <X>112.7583</X>
        <Y>52.79581</Y>
      </Location>
      <Alignment>
        <Vertical>Center</Vertical>
        <Horizontal>Center</Horizontal>
      </Alignment>
    </Label>
    <Image></Image>
    <ImageAlign>Center</ImageAlign>
    <FillColorFrom>-2624513</FillColorFrom>
    <FillColorTo>-2624513</FillColorTo>
    <Border>
      <Color>-16777216</Color>
      <Width>0.3</Width>
    </Border>
    <Location>
      <X>112.1396</X>
      <Y>52.79581</Y>
    </Location>
    <Size>
      <Width>20.15623</Width>
      <Height>15.49792</Height>
    </Size>
  </NodeInfo>
  <NodeInfo name="Transition43" type="Transition">
    <Label>
      <Text></Text>
      <Font>
        <Name>Microsoft Sans Serif</Name>
        <Style>Regular</Style>
        <Size>9</Size>
      </Font>
    </Label>
    <FillColorFrom>-9868951</FillColorFrom>
    <FillColorTo>-9868951</FillColorTo>
    <Border>
      <Color>-16777216</Color>
      <Width>0.3</Width>
    </Border>
    <Location>
      <X>71.19696</X>
      <Y>59.99582</Y>
    </Location>
    <Size>
      <Width>12.55721</Width>
      <Height>0.5999985</Height>
    </Size>
    <Shape>Polyline</Shape>
    <SegmentCount>1</SegmentCount>
    <Anchors>
      <Origin>-1</Origin>
      <Destination>-1</Destination>
    </Anchors>
    <Head>Triangle</Head>
    <Pen>0/#FF000000/0.3/0/0//0/0/10/</Pen>
    <Points>
      <Point>
        <X>71.49696</X>
        <Y>60.29582</Y>
      </Point>
      <Point>
        <X>83.45417</X>
        <Y>60.29582</Y>
      </Point>
      <Start>
        <X>71.49696</X>
        <Y>60.29582</Y>
      </Start>
      <End>
        <X>83.45417</X>
        <Y>60.29582</Y>
      </End>
    </Points>
  </NodeInfo>
  <NodeInfo name="Transition235" type="Transition">
    <Label>
      <Text></Text>
      <Font>
        <Name>Microsoft Sans Serif</Name>
        <Style>Regular</Style>
        <Size>9</Size>
      </Font>
    </Label>
    <FillColorFrom>-9868951</FillColorFrom>
    <FillColorTo>-9868951</FillColorTo>
    <Border>
      <Color>-16777216</Color>
      <Width>0.3</Width>
    </Border>
    <Location>
      <X>158.5437</X>
      <Y>60.08563</Y>
    </Location>
    <Size>
      <Width>14.7961</Width>
      <Height>0.7265167</Height>
    </Size>
    <Shape>Polyline</Shape>
    <SegmentCount>1</SegmentCount>
    <Anchors>
      <Origin>-1</Origin>
      <Destination>-1</Destination>
    </Anchors>
    <Head>Triangle</Head>
    <Pen>0/#FF000000/0.3/0/0//0/0/10/</Pen>
    <Points>
      <Point>
        <X>158.8437</X>
        <Y>60.38563</Y>
      </Point>
      <Point>
        <X>173.0398</X>
        <Y>60.51215</Y>
      </Point>
      <Start>
        <X>158.8437</X>
        <Y>60.38563</Y>
      </Start>
      <End>
        <X>173.0398</X>
        <Y>60.51215</Y>
      </End>
    </Points>
  </NodeInfo>
  <NodeInfo name="Transition239" type="Transition">
    <Label>
      <Text>Eligibility Score &gt; 250</Text>
      <Font>
        <Name>Microsoft Sans Serif</Name>
        <Style>Regular</Style>
        <Size>9</Size>
      </Font>
    </Label>
    <FillColorFrom>-9868951</FillColorFrom>
    <FillColorTo>-9868951</FillColorTo>
    <Border>
      <Color>-16777216</Color>
      <Width>0.3</Width>
    </Border>
    <Location>
      <X>178.4546</X>
      <Y>65.55933</Y>
    </Location>
    <Size>
      <Width>0.001098633</Width>
      <Height>23.78019</Height>
    </Size>
    <Shape>Polyline</Shape>
    <SegmentCount>1</SegmentCount>
    <Anchors>
      <Origin>-1</Origin>
      <Destination>-1</Destination>
    </Anchors>
    <Head>Triangle</Head>
    <Pen>0/#FF000000/0/0/0//0/0/10/</Pen>
    <Points>
      <Point>
        <X>178.4546</X>
        <Y>65.55933</Y>
      </Point>
      <Point>
        <X>178.4557</X>
        <Y>89.33952</Y>
      </Point>
      <Start>
        <X>178.4546</X>
        <Y>65.55933</Y>
      </Start>
      <End>
        <X>178.4557</X>
        <Y>89.33952</Y>
      </End>
    </Points>
  </NodeInfo>
  <NodeInfo name="Transition293" type="Transition">
    <Label>
      <Text>Eligibility Score &lt; 100</Text>
      <Font>
        <Name>Microsoft Sans Serif</Name>
        <Style>Regular</Style>
        <Size>9</Size>
      </Font>
    </Label>
    <FillColorFrom>-9868951</FillColorFrom>
    <FillColorTo>-9868951</FillColorTo>
    <Border>
      <Color>-16777216</Color>
      <Width>0.3</Width>
    </Border>
    <Location>
      <X>178.4529</X>
      <Y>37.63334</Y>
    </Location>
    <Size>
      <Width>0.002807617</Width>
      <Height>17.92963</Height>
    </Size>
    <Shape>Polyline</Shape>
    <SegmentCount>1</SegmentCount>
    <Anchors>
      <Origin>-1</Origin>
      <Destination>-1</Destination>
    </Anchors>
    <Head>Triangle</Head>
    <Pen>0/#FF000000/0/0/0//0/0/10/</Pen>
    <Points>
      <Point>
        <X>178.4529</X>
        <Y>55.56297</Y>
      </Point>
      <Point>
        <X>178.4557</X>
        <Y>37.63334</Y>
      </Point>
      <Start>
        <X>178.4529</X>
        <Y>55.56297</Y>
      </Start>
      <End>
        <X>178.4557</X>
        <Y>37.63334</Y>
      </End>
    </Points>
  </NodeInfo>
  <NodeInfo name="Transition164" type="Transition">
    <Label>
      <Text></Text>
      <Font>
        <Name>Microsoft Sans Serif</Name>
        <Style>Regular</Style>
        <Size>9</Size>
      </Font>
    </Label>
    <FillColorFrom>-9868951</FillColorFrom>
    <FillColorTo>-9868951</FillColorTo>
    <Border>
      <Color>-16777216</Color>
      <Width>0.3</Width>
    </Border>
    <Location>
      <X>183.6245</X>
      <Y>60.2604</Y>
    </Location>
    <Size>
      <Width>17.186</Width>
      <Height>0.5999985</Height>
    </Size>
    <Shape>Polyline</Shape>
    <SegmentCount>1</SegmentCount>
    <Anchors>
      <Origin>-1</Origin>
      <Destination>-1</Destination>
    </Anchors>
    <Head>Triangle</Head>
    <Pen>0/#FF000000/0.3/0/0//0/0/10/</Pen>
    <Points>
      <Point>
        <X>183.9245</X>
        <Y>60.5604</Y>
      </Point>
      <Point>
        <X>200.5105</X>
        <Y>60.5604</Y>
      </Point>
      <Start>
        <X>183.9245</X>
        <Y>60.5604</Y>
      </Start>
      <End>
        <X>200.5105</X>
        <Y>60.5604</Y>
      </End>
    </Points>
  </NodeInfo>
  <NodeInfo name="Transition241" type="Transition">
    <Label>
      <Text></Text>
      <Font>
        <Name>Microsoft Sans Serif</Name>
        <Style>Regular</Style>
        <Size>9</Size>
      </Font>
    </Label>
    <FillColorFrom>-9868951</FillColorFrom>
    <FillColorTo>-9868951</FillColorTo>
    <Border>
      <Color>-16777216</Color>
      <Width>0.3</Width>
    </Border>
    <Location>
      <X>189.4521</X>
      <Y>94.00204</Y>
    </Location>
    <Size>
      <Width>56.59981</Width>
      <Height>0.6000061</Height>
    </Size>
    <Shape>Polyline</Shape>
    <SegmentCount>1</SegmentCount>
    <Anchors>
      <Origin>-1</Origin>
      <Destination>-1</Destination>
    </Anchors>
    <Head>Triangle</Head>
    <Pen>0/#FF000000/0.3/0/0//0/0/10/</Pen>
    <Points>
      <Point>
        <X>189.7521</X>
        <Y>94.30205</Y>
      </Point>
      <Point>
        <X>245.7519</X>
        <Y>94.30205</Y>
      </Point>
      <Start>
        <X>189.7521</X>
        <Y>94.30205</Y>
      </Start>
      <End>
        <X>245.7519</X>
        <Y>94.30205</Y>
      </End>
    </Points>
  </NodeInfo>
  <NodeInfo name="Transition81" type="Transition">
    <Label>
      <Text></Text>
      <Font>
        <Name>Microsoft Sans Serif</Name>
        <Style>Regular</Style>
        <Size>9</Size>
      </Font>
    </Label>
    <FillColorFrom>-9868951</FillColorFrom>
    <FillColorTo>-9868951</FillColorTo>
    <Border>
      <Color>-16777216</Color>
      <Width>0.3</Width>
    </Border>
    <Location>
      <X>188.2338</X>
      <Y>29.58437</Y>
    </Location>
    <Size>
      <Width>57.82591</Width>
      <Height>0.5999985</Height>
    </Size>
    <Shape>Polyline</Shape>
    <SegmentCount>1</SegmentCount>
    <Anchors>
      <Origin>-1</Origin>
      <Destination>-1</Destination>
    </Anchors>
    <Head>Triangle</Head>
    <Pen>0/#FF000000/0.3/0/0//0/0/10/</Pen>
    <Points>
      <Point>
        <X>188.5338</X>
        <Y>29.88437</Y>
      </Point>
      <Point>
        <X>245.7597</X>
        <Y>29.88437</Y>
      </Point>
      <Start>
        <X>188.5338</X>
        <Y>29.88437</Y>
      </Start>
      <End>
        <X>245.7597</X>
        <Y>29.88437</Y>
      </End>
    </Points>
  </NodeInfo>
  <NodeInfo name="Transition46" type="Transition">
    <Label>
      <Text></Text>
      <Font>
        <Name>Microsoft Sans Serif</Name>
        <Style>Regular</Style>
        <Size>9</Size>
      </Font>
    </Label>
    <FillColorFrom>-9868951</FillColorFrom>
    <FillColorTo>-9868951</FillColorTo>
    <Border>
      <Color>-16777216</Color>
      <Width>0.3</Width>
    </Border>
    <Location>
      <X>90.35416</X>
      <Y>66.49582</Y>
    </Location>
    <Size>
      <Width>0.6034012</Width>
      <Height>16.62274</Height>
    </Size>
    <Shape>Polyline</Shape>
    <SegmentCount>1</SegmentCount>
    <Anchors>
      <Origin>-1</Origin>
      <Destination>-1</Destination>
    </Anchors>
    <Head>Triangle</Head>
    <Pen>0/#FF000000/0.3/0/0//0/0/10/</Pen>
    <Points>
      <Point>
        <X>90.65756</X>
        <Y>66.79582</Y>
      </Point>
      <Point>
        <X>90.65417</X>
        <Y>82.81856</Y>
      </Point>
      <Start>
        <X>90.65756</X>
        <Y>66.79582</Y>
      </Start>
      <End>
        <X>90.65417</X>
        <Y>82.81856</Y>
      </End>
    </Points>
  </NodeInfo>
  <NodeInfo name="Transition58" type="Transition">
    <Label>
      <Text></Text>
      <Font>
        <Name>Microsoft Sans Serif</Name>
        <Style>Regular</Style>
        <Size>9</Size>
      </Font>
    </Label>
    <FillColorFrom>-9868951</FillColorFrom>
    <FillColorTo>-9868951</FillColorTo>
    <Border>
      <Color>-16777216</Color>
      <Width>0.3</Width>
    </Border>
    <Location>
      <X>100.6542</X>
      <Y>60.37419</Y>
    </Location>
    <Size>
      <Width>11.4854</Width>
      <Height>0.09069824</Height>
    </Size>
    <Shape>Polyline</Shape>
    <SegmentCount>1</SegmentCount>
    <Anchors>
      <Origin>-1</Origin>
      <Destination>-1</Destination>
    </Anchors>
    <Head>Triangle</Head>
    <Pen>0/#FF000000/0/0/0//0/0/10/</Pen>
    <Points>
      <Point>
        <X>100.6542</X>
        <Y>60.37419</Y>
      </Point>
      <Point>
        <X>112.1396</X>
        <Y>60.46489</Y>
      </Point>
      <Start>
        <X>100.6542</X>
        <Y>60.37419</Y>
      </Start>
      <End>
        <X>112.1396</X>
        <Y>60.46489</Y>
      </End>
    </Points>
  </NodeInfo>
  <NodeInfo name="Transition165" type="Transition">
    <Label>
      <Text></Text>
      <Font>
        <Name>Microsoft Sans Serif</Name>
        <Style>Regular</Style>
        <Size>9</Size>
      </Font>
    </Label>
    <FillColorFrom>-9868951</FillColorFrom>
    <FillColorTo>-9868951</FillColorTo>
    <Border>
      <Color>-16777216</Color>
      <Width>0.3</Width>
    </Border>
    <Location>
      <X>227.2876</X>
      <Y>60.2604</Y>
    </Location>
    <Size>
      <Width>18.7628</Width>
      <Height>0.5999985</Height>
    </Size>
    <Shape>Polyline</Shape>
    <SegmentCount>1</SegmentCount>
    <Anchors>
      <Origin>-1</Origin>
      <Destination>-1</Destination>
    </Anchors>
    <Head>Triangle</Head>
    <Pen>0/#FF000000/0.3/0/0//0/0/10/</Pen>
    <Points>
      <Point>
        <X>227.5876</X>
        <Y>60.5604</Y>
      </Point>
      <Point>
        <X>245.7504</X>
        <Y>60.5604</Y>
      </Point>
      <Start>
        <X>227.5876</X>
        <Y>60.5604</Y>
      </Start>
      <End>
        <X>245.7504</X>
        <Y>60.5604</Y>
      </End>
    </Points>
  </NodeInfo>
  <NodeInfo name="Transition57" type="Transition">
    <Label>
      <Text></Text>
      <Font>
        <Name>Microsoft Sans Serif</Name>
        <Style>Regular</Style>
        <Size>9</Size>
      </Font>
    </Label>
    <FillColorFrom>-9868951</FillColorFrom>
    <FillColorTo>-9868951</FillColorTo>
    <Border>
      <Color>-16777216</Color>
      <Width>0.3</Width>
    </Border>
    <Location>
      <X>131.9958</X>
      <Y>60.09077</Y>
    </Location>
    <Size>
      <Width>6.991699</Width>
      <Height>0.6596184</Height>
    </Size>
    <Shape>Polyline</Shape>
    <SegmentCount>1</SegmentCount>
    <Anchors>
      <Origin>-1</Origin>
      <Destination>-1</Destination>
    </Anchors>
    <Head>Triangle</Head>
    <Pen>0/#FF000000/0.3/0/0//0/0/10/</Pen>
    <Points>
      <Point>
        <X>132.2958</X>
        <Y>60.45039</Y>
      </Point>
      <Point>
        <X>138.6875</X>
        <Y>60.39077</Y>
      </Point>
      <Start>
        <X>132.2958</X>
        <Y>60.45039</Y>
      </Start>
      <End>
        <X>138.6875</X>
        <Y>60.39077</Y>
      </End>
    </Points>
  </NodeInfo>
</Nodes>