<Nodes version="2">
  <NodeInfo name="AutoPremiumFlow" type="Flow" />
  <NodeInfo name="Start231" type="Start">
    <Label>
      <Text></Text>
      <Font>
        <Name>Microsoft Sans Serif</Name>
        <Style>Regular</Style>
        <Size>9</Size>
      </Font>
      <Size>
        <Width>7</Width>
        <Height>7</Height>
      </Size>
      <Location>
        <X>69.23126</X>
        <Y>56.79582</Y>
      </Location>
      <Alignment>
        <Vertical>Center</Vertical>
        <Horizontal>Center</Horizontal>
      </Alignment>
    </Label>
    <Image></Image>
    <ImageAlign>Center</ImageAlign>
    <FillColorFrom>-4139365</FillColorFrom>
    <FillColorTo>-4139365</FillColorTo>
    <Border>
      <Color>-16777216</Color>
      <Width>0.3</Width>
    </Border>
    <Location>
      <X>69.23126</X>
      <Y>56.79582</Y>
    </Location>
    <Size>
      <Width>7</Width>
      <Height>7</Height>
    </Size>
  </NodeInfo>
  <NodeInfo name="Activity232" type="Activity">
    <Label>
      <Text>Calculate Eligibility Score</Text>
      <Font>
        <Name>Microsoft Sans Serif</Name>
        <Style>Regular</Style>
        <Size>9</Size>
      </Font>
      <Size>
        <Width>15</Width>
        <Height>15</Height>
      </Size>
      <Location>
        <X>117.4531</X>
        <Y>54.13436</Y>
      </Location>
      <Alignment>
        <Vertical>Center</Vertical>
        <Horizontal>Center</Horizontal>
      </Alignment>
    </Label>
    <Image></Image>
    <ImageAlign>Center</ImageAlign>
    <FillColorFrom>-2624513</FillColorFrom>
    <FillColorTo>-2624513</FillColorTo>
    <Border>
      <Color>-16777216</Color>
      <Width>0.3</Width>
    </Border>
    <Location>
      <X>114.6104</X>
      <Y>52.54686</Y>
    </Location>
    <Size>
      <Width>20.15624</Width>
      <Height>15.49792</Height>
    </Size>
  </NodeInfo>
  <NodeInfo name="Decision234" type="Decision">
    <Label>
      <Text></Text>
      <Font>
        <Name>Microsoft Sans Serif</Name>
        <Style>Regular</Style>
        <Size>9</Size>
      </Font>
      <Size>
        <Width>10</Width>
        <Height>10</Height>
      </Size>
      <Location>
        <X>149.7614</X>
        <Y>55.29582</Y>
      </Location>
      <Alignment>
        <Vertical>Center</Vertical>
        <Horizontal>Center</Horizontal>
      </Alignment>
    </Label>
    <Image></Image>
    <ImageAlign>Center</ImageAlign>
    <FillColorFrom>-343921</FillColorFrom>
    <FillColorTo>-343921</FillColorTo>
    <Border>
      <Color>-16777216</Color>
      <Width>0.3</Width>
    </Border>
    <Location>
      <X>149.2927</X>
      <Y>55.29582</Y>
    </Location>
    <Size>
      <Width>10.9375</Width>
      <Height>10</Height>
    </Size>
  </NodeInfo>
  <NodeInfo name="Activity238" type="Activity">
    <Label>
      <Text>Decline</Text>
      <Font>
        <Name>Microsoft Sans Serif</Name>
        <Style>Regular</Style>
        <Size>9</Size>
      </Font>
      <Size>
        <Width>18.72084</Width>
        <Height>10</Height>
      </Size>
      <Location>
        <X>145.1453</X>
        <Y>89.60415</Y>
      </Location>
      <Alignment>
        <Vertical>Center</Vertical>
        <Horizontal>Center</Horizontal>
      </Alignment>
    </Label>
    <Image></Image>
    <ImageAlign>Center</ImageAlign>
    <FillColorFrom>-272971</FillColorFrom>
    <FillColorTo>-272971</FillColorTo>
    <Border>
      <Color>-16777216</Color>
      <Width>0.3</Width>
    </Border>
    <Location>
      <X>143.0822</X>
      <Y>89.07494</Y>
    </Location>
    <Size>
      <Width>22.59282</Width>
      <Height>9.925041</Height>
    </Size>
  </NodeInfo>
  <NodeInfo name="Terminate240" type="Terminate">
    <Label>
      <Text></Text>
      <Font>
        <Name>Microsoft Sans Serif</Name>
        <Style>Regular</Style>
        <Size>9</Size>
      </Font>
      <Size>
        <Width>7</Width>
        <Height>7</Height>
      </Size>
      <Location>
        <X>221.6405</X>
        <Y>90.66248</Y>
      </Location>
      <Alignment>
        <Vertical>Center</Vertical>
        <Horizontal>Center</Horizontal>
      </Alignment>
    </Label>
    <Image></Image>
    <ImageAlign>Center</ImageAlign>
    <FillColorFrom>-2517356</FillColorFrom>
    <FillColorTo>-2517356</FillColorTo>
    <Border>
      <Color>-16777216</Color>
      <Width>0.3</Width>
    </Border>
    <Location>
      <X>221.6405</X>
      <Y>90.66248</Y>
    </Location>
    <Size>
      <Width>7</Width>
      <Height>7.000008</Height>
    </Size>
  </NodeInfo>
  <NodeInfo name="Activity292" type="Activity">
    <Label>
      <Text>Calculate Auto Premium</Text>
      <Font>
        <Name>Microsoft Sans Serif</Name>
        <Style>Regular</Style>
        <Size>9</Size>
      </Font>
      <Size>
        <Width>15</Width>
        <Height>15</Height>
      </Size>
      <Location>
        <X>147.2614</X>
        <Y>21.87083</Y>
      </Location>
      <Alignment>
        <Vertical>Center</Vertical>
        <Horizontal>Center</Horizontal>
      </Alignment>
    </Label>
    <Image></Image>
    <ImageAlign>Center</ImageAlign>
    <FillColorFrom>-2624513</FillColorFrom>
    <FillColorTo>-2624513</FillColorTo>
    <Border>
      <Color>-16777216</Color>
      <Width>0.3</Width>
    </Border>
    <Location>
      <X>144.6833</X>
      <Y>21.87083</Y>
    </Location>
    <Size>
      <Width>20.15624</Width>
      <Height>15.49792</Height>
    </Size>
  </NodeInfo>
  <NodeInfo name="End296" type="End">
    <Label>
      <Text></Text>
      <Font>
        <Name>Microsoft Sans Serif</Name>
        <Style>Regular</Style>
        <Size>9</Size>
      </Font>
      <Size>
        <Width>7</Width>
        <Height>7</Height>
      </Size>
      <Location>
        <X>219.5239</X>
        <Y>25.575</Y>
      </Location>
      <Alignment>
        <Vertical>Center</Vertical>
        <Horizontal>Center</Horizontal>
      </Alignment>
    </Label>
    <Image></Image>
    <ImageAlign>Center</ImageAlign>
    <FillColorFrom>-2517356</FillColorFrom>
    <FillColorTo>-2517356</FillColorTo>
    <Border>
      <Color>-16777216</Color>
      <Width>0.3</Width>
    </Border>
    <Location>
      <X>219.5239</X>
      <Y>25.575</Y>
    </Location>
    <Size>
      <Width>7</Width>
      <Height>7</Height>
    </Size>
  </NodeInfo>
  <NodeInfo name="Activity42" type="Activity">
    <Label>
      <Text>Input 
Data
Validation</Text>
      <Font>
        <Name>Microsoft Sans Serif</Name>
        <Style>Regular</Style>
        <Size>9</Size>
      </Font>
      <Size>
        <Width>20</Width>
        <Height>13</Height>
      </Size>
      <Location>
        <X>86.47501</X>
        <Y>53.79582</Y>
      </Location>
      <Alignment>
        <Vertical>Center</Vertical>
        <Horizontal>Center</Horizontal>
      </Alignment>
    </Label>
    <Image></Image>
    <ImageAlign>Center</ImageAlign>
    <FillColorFrom>-3942757</FillColorFrom>
    <FillColorTo>-3942757</FillColorTo>
    <Border>
      <Color>-16777216</Color>
      <Width>0.3</Width>
    </Border>
    <Location>
      <X>85.41667</X>
      <Y>53.79582</Y>
    </Location>
    <Size>
      <Width>20</Width>
      <Height>13</Height>
    </Size>
  </NodeInfo>
  <NodeInfo name="Terminate45" type="Terminate">
    <Label>
      <Text></Text>
      <Font>
        <Name>Microsoft Sans Serif</Name>
        <Style>Regular</Style>
        <Size>9</Size>
      </Font>
      <Size>
        <Width>7</Width>
        <Height>7</Height>
      </Size>
      <Location>
        <X>91.91667</X>
        <Y>82.77084</Y>
      </Location>
      <Alignment>
        <Vertical>Center</Vertical>
        <Horizontal>Center</Horizontal>
      </Alignment>
    </Label>
    <Image></Image>
    <ImageAlign>Center</ImageAlign>
    <FillColorFrom>-2517356</FillColorFrom>
    <FillColorTo>-2517356</FillColorTo>
    <Border>
      <Color>-16777216</Color>
      <Width>0.3</Width>
    </Border>
    <Location>
      <X>91.91667</X>
      <Y>82.77084</Y>
    </Location>
    <Size>
      <Width>7</Width>
      <Height>7</Height>
    </Size>
  </NodeInfo>
  <NodeInfo name="Terminate162" type="Terminate">
    <Label>
      <Text></Text>
      <Font>
        <Name>Microsoft Sans Serif</Name>
        <Style>Regular</Style>
        <Size>9</Size>
      </Font>
      <Size>
        <Width>7</Width>
        <Height>7</Height>
      </Size>
      <Location>
        <X>221.4125</X>
        <Y>56.57708</Y>
      </Location>
      <Alignment>
        <Vertical>Center</Vertical>
        <Horizontal>Center</Horizontal>
      </Alignment>
    </Label>
    <Image></Image>
    <ImageAlign>Center</ImageAlign>
    <FillColorFrom>-2517356</FillColorFrom>
    <FillColorTo>-2517356</FillColorTo>
    <Border>
      <Color>-16777216</Color>
      <Width>0.3</Width>
    </Border>
    <Location>
      <X>221.4125</X>
      <Y>56.57708</Y>
    </Location>
    <Size>
      <Width>7</Width>
      <Height>7</Height>
    </Size>
  </NodeInfo>
  <NodeInfo name="Activity163" type="Activity">
    <Label>
      <Text>Manual Underwriting</Text>
      <Font>
        <Name>Microsoft Sans Serif</Name>
        <Style>Regular</Style>
        <Size>9</Size>
      </Font>
      <Size>
        <Width>25.39999</Width>
        <Height>9.614586</Height>
      </Size>
      <Location>
        <X>177.5812</X>
        <Y>55.51874</Y>
      </Location>
      <Alignment>
        <Vertical>Center</Vertical>
        <Horizontal>Center</Horizontal>
      </Alignment>
    </Label>
    <Image></Image>
    <ImageAlign>Center</ImageAlign>
    <FillColorFrom>-1711892</FillColorFrom>
    <FillColorTo>-1711892</FillColorTo>
    <Border>
      <Color>-16777216</Color>
      <Width>0.3</Width>
    </Border>
    <Location>
      <X>176.4334</X>
      <Y>53.93124</Y>
    </Location>
    <Size>
      <Width>27.07707</Width>
      <Height>12.78958</Height>
    </Size>
  </NodeInfo>
  <NodeInfo name="Transition43" type="Transition">
    <Label>
      <Text></Text>
      <Font>
        <Name>Microsoft Sans Serif</Name>
        <Style>Regular</Style>
        <Size>9</Size>
      </Font>
    </Label>
    <FillColorFrom>-9868951</FillColorFrom>
    <FillColorTo>-9868951</FillColorTo>
    <Border>
      <Color>-16777216</Color>
      <Width>0.3</Width>
    </Border>
    <Location>
      <X>75.94707</X>
      <Y>59.99582</Y>
    </Location>
    <Size>
      <Width>12.5696</Width>
      <Height>0.6005936</Height>
    </Size>
    <Shape>Polyline</Shape>
    <SegmentCount>1</SegmentCount>
    <Anchors>
      <Origin>-1</Origin>
      <Destination>-1</Destination>
    </Anchors>
    <Head>Triangle</Head>
    <Pen>0/#FF000000/0.3/0/0//0/0/10/</Pen>
    <Points>
      <Point>
        <X>76.24708</X>
        <Y>60.29642</Y>
      </Point>
      <Point>
        <X>88.21667</X>
        <Y>60.29582</Y>
      </Point>
      <Start>
        <X>76.24708</X>
        <Y>60.29642</Y>
      </Start>
      <End>
        <X>88.21667</X>
        <Y>60.29582</Y>
      </End>
    </Points>
  </NodeInfo>
  <NodeInfo name="Transition235" type="Transition">
    <Label>
      <Text></Text>
      <Font>
        <Name>Microsoft Sans Serif</Name>
        <Style>Regular</Style>
        <Size>9</Size>
      </Font>
    </Label>
    <FillColorFrom>-9868951</FillColorFrom>
    <FillColorTo>-9868951</FillColorTo>
    <Border>
      <Color>-16777216</Color>
      <Width>0.3</Width>
    </Border>
    <Location>
      <X>134.4667</X>
      <Y>59.99582</Y>
    </Location>
    <Size>
      <Width>15.12602</Width>
      <Height>0.6000023</Height>
    </Size>
    <Shape>Polyline</Shape>
    <SegmentCount>1</SegmentCount>
    <Anchors>
      <Origin>-1</Origin>
      <Destination>-1</Destination>
    </Anchors>
    <Head>Triangle</Head>
    <Pen>0/#FF000000/0.3/0/0//0/0/10/</Pen>
    <Points>
      <Point>
        <X>134.7667</X>
        <Y>60.29582</Y>
      </Point>
      <Point>
        <X>149.2927</X>
        <Y>60.29582</Y>
      </Point>
      <Start>
        <X>134.7667</X>
        <Y>60.29582</Y>
      </Start>
      <End>
        <X>149.2927</X>
        <Y>60.29582</Y>
      </End>
    </Points>
  </NodeInfo>
  <NodeInfo name="Transition239" type="Transition">
    <Label>
      <Text>Eligibility Score &gt; 250</Text>
      <Font>
        <Name>Microsoft Sans Serif</Name>
        <Style>Regular</Style>
        <Size>9</Size>
      </Font>
    </Label>
    <FillColorFrom>-9868951</FillColorFrom>
    <FillColorTo>-9868951</FillColorTo>
    <Border>
      <Color>-16777216</Color>
      <Width>0.3</Width>
    </Border>
    <Location>
      <X>154.4349</X>
      <Y>65.24554</Y>
    </Location>
    <Size>
      <Width>0.2715454</Width>
      <Height>23.82941</Height>
    </Size>
    <Shape>Polyline</Shape>
    <SegmentCount>1</SegmentCount>
    <Anchors>
      <Origin>-1</Origin>
      <Destination>-1</Destination>
    </Anchors>
    <Head>Triangle</Head>
    <Pen>0/#FF000000/0/0/0//0/0/10/</Pen>
    <Points>
      <Point>
        <X>154.7064</X>
        <Y>65.24554</Y>
      </Point>
      <Point>
        <X>154.4349</X>
        <Y>89.07494</Y>
      </Point>
      <Start>
        <X>154.7064</X>
        <Y>65.24554</Y>
      </Start>
      <End>
        <X>154.4349</X>
        <Y>89.07494</Y>
      </End>
    </Points>
  </NodeInfo>
  <NodeInfo name="Transition293" type="Transition">
    <Label>
      <Text>Eligibility Score &lt; 100</Text>
      <Font>
        <Name>Microsoft Sans Serif</Name>
        <Style>Regular</Style>
        <Size>9</Size>
      </Font>
    </Label>
    <FillColorFrom>-9868951</FillColorFrom>
    <FillColorTo>-9868951</FillColorTo>
    <Border>
      <Color>-16777216</Color>
      <Width>0.3</Width>
    </Border>
    <Location>
      <X>154.7614</X>
      <Y>37.36875</Y>
    </Location>
    <Size>
      <Width>0.002853394</Width>
      <Height>17.92965</Height>
    </Size>
    <Shape>Polyline</Shape>
    <SegmentCount>1</SegmentCount>
    <Anchors>
      <Origin>-1</Origin>
      <Destination>-1</Destination>
    </Anchors>
    <Head>Triangle</Head>
    <Pen>0/#FF000000/0/0/0//0/0/10/</Pen>
    <Points>
      <Point>
        <X>154.7643</X>
        <Y>55.2984</Y>
      </Point>
      <Point>
        <X>154.7614</X>
        <Y>37.36875</Y>
      </Point>
      <Start>
        <X>154.7643</X>
        <Y>55.2984</Y>
      </Start>
      <End>
        <X>154.7614</X>
        <Y>37.36875</Y>
      </End>
    </Points>
  </NodeInfo>
  <NodeInfo name="Transition164" type="Transition">
    <Label>
      <Text></Text>
      <Font>
        <Name>Microsoft Sans Serif</Name>
        <Style>Regular</Style>
        <Size>9</Size>
      </Font>
    </Label>
    <FillColorFrom>-9868951</FillColorFrom>
    <FillColorTo>-9868951</FillColorTo>
    <Border>
      <Color>-16777216</Color>
      <Width>0.3</Width>
    </Border>
    <Location>
      <X>159.925</X>
      <Y>60.00051</Y>
    </Location>
    <Size>
      <Width>16.80832</Width>
      <Height>0.6139107</Height>
    </Size>
    <Shape>Polyline</Shape>
    <SegmentCount>1</SegmentCount>
    <Anchors>
      <Origin>-1</Origin>
      <Destination>-1</Destination>
    </Anchors>
    <Head>Triangle</Head>
    <Pen>0/#FF000000/0.3/0/0//0/0/10/</Pen>
    <Points>
      <Point>
        <X>160.2251</X>
        <Y>60.30051</Y>
      </Point>
      <Point>
        <X>176.4334</X>
        <Y>60.31442</Y>
      </Point>
      <Start>
        <X>160.2251</X>
        <Y>60.30051</Y>
      </Start>
      <End>
        <X>176.4334</X>
        <Y>60.31442</Y>
      </End>
    </Points>
  </NodeInfo>
  <NodeInfo name="Transition241" type="Transition">
    <Label>
      <Text></Text>
      <Font>
        <Name>Microsoft Sans Serif</Name>
        <Style>Regular</Style>
        <Size>9</Size>
      </Font>
    </Label>
    <FillColorFrom>-9868951</FillColorFrom>
    <FillColorTo>-9868951</FillColorTo>
    <Border>
      <Color>-16777216</Color>
      <Width>0.3</Width>
    </Border>
    <Location>
      <X>165.375</X>
      <Y>93.75742</Y>
    </Location>
    <Size>
      <Width>56.61818</Width>
      <Height>0.6989746</Height>
    </Size>
    <Shape>Polyline</Shape>
    <SegmentCount>1</SegmentCount>
    <Anchors>
      <Origin>-1</Origin>
      <Destination>-1</Destination>
    </Anchors>
    <Head>Triangle</Head>
    <Pen>0/#FF000000/0.3/0/0//0/0/10/</Pen>
    <Points>
      <Point>
        <X>165.675</X>
        <Y>94.05742</Y>
      </Point>
      <Point>
        <X>221.6932</X>
        <Y>94.15639</Y>
      </Point>
      <Start>
        <X>165.675</X>
        <Y>94.05742</Y>
      </Start>
      <End>
        <X>221.6932</X>
        <Y>94.15639</Y>
      </End>
    </Points>
  </NodeInfo>
  <NodeInfo name="Transition44" type="Transition">
    <Label>
      <Text></Text>
      <Font>
        <Name>Microsoft Sans Serif</Name>
        <Style>Regular</Style>
        <Size>9</Size>
      </Font>
    </Label>
    <FillColorFrom>-9868951</FillColorFrom>
    <FillColorTo>-9868951</FillColorTo>
    <Border>
      <Color>-16777216</Color>
      <Width>0.3</Width>
    </Border>
    <Location>
      <X>105.4167</X>
      <Y>60.29582</Y>
    </Location>
    <Size>
      <Width>9.193756</Width>
      <Height>0.01135254</Height>
    </Size>
    <Shape>Polyline</Shape>
    <SegmentCount>1</SegmentCount>
    <Anchors>
      <Origin>-1</Origin>
      <Destination>-1</Destination>
    </Anchors>
    <Head>Triangle</Head>
    <Pen>0/#FF000000/0/0/0//0/0/10/</Pen>
    <Points>
      <Point>
        <X>105.4167</X>
        <Y>60.29582</Y>
      </Point>
      <Point>
        <X>114.6104</X>
        <Y>60.30717</Y>
      </Point>
      <Start>
        <X>105.4167</X>
        <Y>60.29582</Y>
      </Start>
      <End>
        <X>114.6104</X>
        <Y>60.30717</Y>
      </End>
    </Points>
  </NodeInfo>
  <NodeInfo name="Transition46" type="Transition">
    <Label>
      <Text></Text>
      <Font>
        <Name>Microsoft Sans Serif</Name>
        <Style>Regular</Style>
        <Size>9</Size>
      </Font>
    </Label>
    <FillColorFrom>-9868951</FillColorFrom>
    <FillColorTo>-9868951</FillColorTo>
    <Border>
      <Color>-16777216</Color>
      <Width>0.3</Width>
    </Border>
    <Location>
      <X>95.11344</X>
      <Y>66.49582</Y>
    </Location>
    <Size>
      <Width>0.6032333</Width>
      <Height>16.62047</Height>
    </Size>
    <Shape>Polyline</Shape>
    <SegmentCount>1</SegmentCount>
    <Anchors>
      <Origin>-1</Origin>
      <Destination>-1</Destination>
    </Anchors>
    <Head>Triangle</Head>
    <Pen>0/#FF000000/0.3/0/0//0/0/10/</Pen>
    <Points>
      <Point>
        <X>95.41344</X>
        <Y>66.79582</Y>
      </Point>
      <Point>
        <X>95.41667</X>
        <Y>82.81628</Y>
      </Point>
      <Start>
        <X>95.41344</X>
        <Y>66.79582</Y>
      </Start>
      <End>
        <X>95.41667</X>
        <Y>82.81628</Y>
      </End>
    </Points>
  </NodeInfo>
  <NodeInfo name="Transition165" type="Transition">
    <Label>
      <Text></Text>
      <Font>
        <Name>Microsoft Sans Serif</Name>
        <Style>Regular</Style>
        <Size>9</Size>
      </Font>
    </Label>
    <FillColorFrom>-9868951</FillColorFrom>
    <FillColorTo>-9868951</FillColorTo>
    <Border>
      <Color>-16777216</Color>
      <Width>0.3</Width>
    </Border>
    <Location>
      <X>203.2104</X>
      <Y>59.80182</Y>
    </Location>
    <Size>
      <Width>18.53128</Width>
      <Height>0.7277489</Height>
    </Size>
    <Shape>Polyline</Shape>
    <SegmentCount>1</SegmentCount>
    <Anchors>
      <Origin>-1</Origin>
      <Destination>-1</Destination>
    </Anchors>
    <Head>Triangle</Head>
    <Pen>0/#FF000000/0.3/0/0//0/0/10/</Pen>
    <Points>
      <Point>
        <X>203.5104</X>
        <Y>60.22957</Y>
      </Point>
      <Point>
        <X>221.4417</X>
        <Y>60.10182</Y>
      </Point>
      <Start>
        <X>203.5104</X>
        <Y>60.22957</Y>
      </Start>
      <End>
        <X>221.4417</X>
        <Y>60.10182</Y>
      </End>
    </Points>
  </NodeInfo>
  <NodeInfo name="Transition81" type="Transition">
    <Label>
      <Text></Text>
      <Font>
        <Name>Microsoft Sans Serif</Name>
        <Style>Regular</Style>
        <Size>9</Size>
      </Font>
    </Label>
    <FillColorFrom>-9868951</FillColorFrom>
    <FillColorTo>-9868951</FillColorTo>
    <Border>
      <Color>-16777216</Color>
      <Width>0.3</Width>
    </Border>
    <Location>
      <X>164.8395</X>
      <Y>29.10259</Y>
    </Location>
    <Size>
      <Width>54.72707</Width>
      <Height>0.4367752</Height>
    </Size>
    <Shape>Polyline</Shape>
    <SegmentCount>1</SegmentCount>
    <Anchors>
      <Origin>-1</Origin>
      <Destination>-1</Destination>
    </Anchors>
    <Head>Triangle</Head>
    <Points>
      <Point>
        <X>164.8395</X>
        <Y>29.53936</Y>
      </Point>
      <Point>
        <X>219.5666</X>
        <Y>29.10259</Y>
      </Point>
      <Start>
        <X>164.8395</X>
        <Y>29.53936</Y>
      </Start>
      <End>
        <X>219.5666</X>
        <Y>29.10259</Y>
      </End>
    </Points>
  </NodeInfo>
</Nodes>