<Nodes version="2">
  <NodeInfo name="BookletFlow" type="Flow" />
  <NodeInfo name="Start2" type="Start">
    <Label>
      <Text></Text>
      <Font>
        <Name>Microsoft Sans Serif</Name>
        <Style>Regular</Style>
        <Size>9</Size>
      </Font>
      <Size>
        <Width>7</Width>
        <Height>7</Height>
      </Size>
      <Location>
        <X>5</X>
        <Y>8.159373</Y>
      </Location>
      <Alignment>
        <Vertical>Center</Vertical>
        <Horizontal>Center</Horizontal>
      </Alignment>
    </Label>
    <Image></Image>
    <ImageAlign>Center</ImageAlign>
    <FillColorFrom>-4139365</FillColorFrom>
    <FillColorTo>-4139365</FillColorTo>
    <Border>
      <Color>-16777216</Color>
      <Width>0.3</Width>
    </Border>
    <Location>
      <X>5</X>
      <Y>8.159373</Y>
    </Location>
    <Size>
      <Width>7</Width>
      <Height>7</Height>
    </Size>
  </NodeInfo>
  <NodeInfo name="End73" type="End">
    <Label>
      <Text></Text>
      <Font>
        <Name>Microsoft Sans Serif</Name>
        <Style>Regular</Style>
        <Size>9</Size>
      </Font>
      <Size>
        <Width>7</Width>
        <Height>7</Height>
      </Size>
      <Location>
        <X>118.1146</X>
        <Y>8.688539</Y>
      </Location>
      <Alignment>
        <Vertical>Center</Vertical>
        <Horizontal>Center</Horizontal>
      </Alignment>
    </Label>
    <Image></Image>
    <ImageAlign>Center</ImageAlign>
    <FillColorFrom>-2517356</FillColorFrom>
    <FillColorTo>-2517356</FillColorTo>
    <Border>
      <Color>-16777216</Color>
      <Width>0.3</Width>
    </Border>
    <Location>
      <X>118.1146</X>
      <Y>8.688539</Y>
    </Location>
    <Size>
      <Width>7</Width>
      <Height>7</Height>
    </Size>
  </NodeInfo>
  <NodeInfo name="Activity39" type="Activity">
    <Label>
      <Text>Data Mapping</Text>
      <Font>
        <Name>Microsoft Sans Serif</Name>
        <Style>Regular</Style>
        <Size>9</Size>
      </Font>
      <Size>
        <Width>18.96458</Width>
        <Height>10</Height>
      </Size>
      <Location>
        <X>23.14791</X>
        <Y>6.984377</Y>
      </Location>
      <Alignment>
        <Vertical>Center</Vertical>
        <Horizontal>Center</Horizontal>
      </Alignment>
    </Label>
    <Image></Image>
    <ImageAlign>Center</ImageAlign>
    <FillColorFrom>-6365972</FillColorFrom>
    <FillColorTo>-6365972</FillColorTo>
    <Border>
      <Color>-16777216</Color>
      <Width>0.3</Width>
    </Border>
    <Location>
      <X>22</X>
      <Y>5.926044</Y>
    </Location>
    <Size>
      <Width>25.225</Width>
      <Height>11.46666</Height>
    </Size>
  </NodeInfo>
  <NodeInfo name="Activity406" type="Activity">
    <Label>
      <Text>Auto Premium
Flow</Text>
      <Font>
        <Name>Microsoft Sans Serif</Name>
        <Style>Regular</Style>
        <Size>9</Size>
      </Font>
      <Size>
        <Width>15</Width>
        <Height>13.31875</Height>
      </Size>
      <Location>
        <X>60.74999</X>
        <Y>5</Y>
      </Location>
      <Alignment>
        <Vertical>Center</Vertical>
        <Horizontal>Center</Horizontal>
      </Alignment>
    </Label>
    <Image></Image>
    <ImageAlign>Center</ImageAlign>
    <FillColorFrom>-6365972</FillColorFrom>
    <FillColorTo>-6365972</FillColorTo>
    <Border>
      <Color>-16777216</Color>
      <Width>0.3</Width>
    </Border>
    <Location>
      <X>57.225</X>
      <Y>6.852083</Y>
    </Location>
    <Size>
      <Width>20.46249</Width>
      <Height>11.20208</Height>
    </Size>
  </NodeInfo>
  <NodeInfo name="Activity61" type="Activity">
    <Label>
      <Text>Set Output
Values</Text>
      <Font>
        <Name>Microsoft Sans Serif</Name>
        <Style>Regular</Style>
        <Size>9</Size>
      </Font>
      <Size>
        <Width>20</Width>
        <Height>10</Height>
      </Size>
      <Location>
        <X>87.33124</X>
        <Y>6.933332</Y>
      </Location>
      <Alignment>
        <Vertical>Center</Vertical>
        <Horizontal>Center</Horizontal>
      </Alignment>
    </Label>
    <Image></Image>
    <ImageAlign>Center</ImageAlign>
    <FillColorFrom>-7876885</FillColorFrom>
    <FillColorTo>-7876885</FillColorTo>
    <Border>
      <Color>-16777216</Color>
      <Width>0.3</Width>
    </Border>
    <Location>
      <X>87.33124</X>
      <Y>6.933332</Y>
    </Location>
    <Size>
      <Width>20</Width>
      <Height>10</Height>
    </Size>
  </NodeInfo>
  <NodeInfo name="Transition40" type="Transition">
    <Label>
      <Text></Text>
      <Font>
        <Name>Microsoft Sans Serif</Name>
        <Style>Regular</Style>
        <Size>9</Size>
      </Font>
    </Label>
    <FillColorFrom>-9868951</FillColorFrom>
    <FillColorTo>-9868951</FillColorTo>
    <Border>
      <Color>-16777216</Color>
      <Width>0.3</Width>
    </Border>
    <Location>
      <X>11.69489</X>
      <Y>11.35937</Y>
    </Location>
    <Size>
      <Width>10.60511</Width>
      <Height>0.6000004</Height>
    </Size>
    <Shape>Polyline</Shape>
    <SegmentCount>1</SegmentCount>
    <Anchors>
      <Origin>-1</Origin>
      <Destination>-1</Destination>
    </Anchors>
    <Head>Triangle</Head>
    <Pen>0/#FF000000/0.3/0/0//0/0/10/</Pen>
    <Points>
      <Point>
        <X>11.99489</X>
        <Y>11.65937</Y>
      </Point>
      <Point>
        <X>22</X>
        <Y>11.65937</Y>
      </Point>
      <Start>
        <X>11.99489</X>
        <Y>11.65937</Y>
      </Start>
      <End>
        <X>22</X>
        <Y>11.65937</Y>
      </End>
    </Points>
  </NodeInfo>
  <NodeInfo name="Transition407" type="Transition">
    <Label>
      <Text></Text>
      <Font>
        <Name>Microsoft Sans Serif</Name>
        <Style>Regular</Style>
        <Size>9</Size>
      </Font>
    </Label>
    <FillColorFrom>-9868951</FillColorFrom>
    <FillColorTo>-9868951</FillColorTo>
    <Border>
      <Color>-16777216</Color>
      <Width>0.3</Width>
    </Border>
    <Location>
      <X>44.65475</X>
      <Y>11.60932</Y>
    </Location>
    <Size>
      <Width>12.87025</Width>
      <Height>0.8965406</Height>
    </Size>
    <Shape>Polyline</Shape>
    <SegmentCount>1</SegmentCount>
    <Anchors>
      <Origin>-1</Origin>
      <Destination>-1</Destination>
    </Anchors>
    <Head>Triangle</Head>
    <Pen>0/#FF000000/0.3/0/0//0/0/10/</Pen>
    <Points>
      <Point>
        <X>44.95475</X>
        <Y>11.90932</Y>
      </Point>
      <Point>
        <X>57.225</X>
        <Y>12.20586</Y>
      </Point>
      <Start>
        <X>44.95475</X>
        <Y>11.90932</Y>
      </Start>
      <End>
        <X>57.225</X>
        <Y>12.20586</Y>
      </End>
    </Points>
  </NodeInfo>
  <NodeInfo name="Transition408" type="Transition">
    <Label>
      <Text></Text>
      <Font>
        <Name>Microsoft Sans Serif</Name>
        <Style>Regular</Style>
        <Size>9</Size>
      </Font>
    </Label>
    <FillColorFrom>-9868951</FillColorFrom>
    <FillColorTo>-9868951</FillColorTo>
    <Border>
      <Color>-16777216</Color>
      <Width>0.3</Width>
    </Border>
    <Location>
      <X>77.38747</X>
      <Y>11.80656</Y>
    </Location>
    <Size>
      <Width>10.28753</Width>
      <Height>0.7685509</Height>
    </Size>
    <Shape>Polyline</Shape>
    <SegmentCount>1</SegmentCount>
    <Anchors>
      <Origin>-1</Origin>
      <Destination>-1</Destination>
    </Anchors>
    <Head>Triangle</Head>
    <Pen>0/#FF000000/0.3/0/0//0/0/10/</Pen>
    <Points>
      <Point>
        <X>77.68748</X>
        <Y>12.27511</Y>
      </Point>
      <Point>
        <X>87.375</X>
        <Y>12.10656</Y>
      </Point>
      <Start>
        <X>77.68748</X>
        <Y>12.27511</Y>
      </Start>
      <End>
        <X>87.375</X>
        <Y>12.10656</Y>
      </End>
    </Points>
  </NodeInfo>
  <NodeInfo name="Transition63" type="Transition">
    <Label>
      <Text></Text>
      <Font>
        <Name>Microsoft Sans Serif</Name>
        <Style>Regular</Style>
        <Size>9</Size>
      </Font>
    </Label>
    <FillColorFrom>-9868951</FillColorFrom>
    <FillColorTo>-9868951</FillColorTo>
    <Border>
      <Color>-16777216</Color>
      <Width>0.3</Width>
    </Border>
    <Location>
      <X>107.075</X>
      <Y>11.73889</Y>
    </Location>
    <Size>
      <Width>11.3568</Width>
      <Height>0.7130508</Height>
    </Size>
    <Shape>Polyline</Shape>
    <SegmentCount>1</SegmentCount>
    <Anchors>
      <Origin>-1</Origin>
      <Destination>-1</Destination>
    </Anchors>
    <Head>Triangle</Head>
    <Pen>0/#FF000000/0.3/0/0//0/0/10/</Pen>
    <Points>
      <Point>
        <X>107.375</X>
        <Y>12.03889</Y>
      </Point>
      <Point>
        <X>118.1318</X>
        <Y>12.15194</Y>
      </Point>
      <Start>
        <X>107.375</X>
        <Y>12.03889</Y>
      </Start>
      <End>
        <X>118.1318</X>
        <Y>12.15194</Y>
      </End>
    </Points>
  </NodeInfo>
</Nodes>