<Nodes version="2">
  <NodeInfo name="Calculate Premium" type="DRD" />
  <NodeInfo name="Decision265" type="Decision">
    <Label>
      <Text>Calculate Auto Premium For Car</Text>
      <Font>
        <Name>Microsoft Sans Serif</Name>
        <Style>Regular</Style>
        <Size>9</Size>
      </Font>
      <Size>
        <Width>21.42292</Width>
        <Height>15.31874</Height>
      </Size>
      <Location>
        <X>44.55833</X>
        <Y>92.27084</Y>
      </Location>
      <Alignment>
        <Vertical>Center</Vertical>
        <Horizontal>Center</Horizontal>
      </Alignment>
    </Label>
    <Image></Image>
    <ImageAlign>Center</ImageAlign>
    <FillColorFrom>-7876870</FillColorFrom>
    <FillColorTo>-7876870</FillColorTo>
    <Border>
      <Color>-16777216</Color>
      <Width>0.3</Width>
    </Border>
    <Location>
      <X>42.95415</X>
      <Y>92.27084</Y>
    </Location>
    <Size>
      <Width>26.05417</Width>
      <Height>15.58332</Height>
    </Size>
  </NodeInfo>
  <NodeInfo name="Decision266" type="Decision">
    <Label>
      <Text>Calcuate Auto Premium for Driver</Text>
      <Font>
        <Name>Microsoft Sans Serif</Name>
        <Style>Regular</Style>
        <Size>9</Size>
      </Font>
      <Size>
        <Width>25.4</Width>
        <Height>14.26041</Height>
      </Size>
      <Location>
        <X>83.03124</X>
        <Y>92.27084</Y>
      </Location>
      <Alignment>
        <Vertical>Center</Vertical>
        <Horizontal>Center</Horizontal>
      </Alignment>
    </Label>
    <Image></Image>
    <ImageAlign>Center</ImageAlign>
    <FillColorFrom>-7876870</FillColorFrom>
    <FillColorTo>-7876870</FillColorTo>
    <Border>
      <Color>-16777216</Color>
      <Width>0.3</Width>
    </Border>
    <Location>
      <X>82.24167</X>
      <Y>92.27084</Y>
    </Location>
    <Size>
      <Width>26.05417</Width>
      <Height>15.58332</Height>
    </Size>
  </NodeInfo>
  <NodeInfo name="Decision267" type="Decision">
    <Label>
      <Text>Auto Premium</Text>
      <Font>
        <Name>Microsoft Sans Serif</Name>
        <Style>Regular</Style>
        <Size>9</Size>
      </Font>
      <Size>
        <Width>22.80834</Width>
        <Height>10.71875</Height>
      </Size>
      <Location>
        <X>59.69375</X>
        <Y>64.0625</Y>
      </Location>
      <Alignment>
        <Vertical>Center</Vertical>
        <Horizontal>Center</Horizontal>
      </Alignment>
    </Label>
    <Image></Image>
    <ImageAlign>Center</ImageAlign>
    <FillColorFrom>-7876870</FillColorFrom>
    <FillColorTo>-7876870</FillColorTo>
    <Border>
      <Color>-16777216</Color>
      <Width>0.3</Width>
    </Border>
    <Location>
      <X>57.36667</X>
      <Y>64.59167</Y>
    </Location>
    <Size>
      <Width>26.24165</Width>
      <Height>10.91665</Height>
    </Size>
  </NodeInfo>
  <NodeInfo name="Car" type="InputData">
    <Label>
      <Text>Car</Text>
      <Font>
        <Name>Microsoft Sans Serif</Name>
        <Style>Regular</Style>
        <Size>9</Size>
      </Font>
      <Size>
        <Width>20</Width>
        <Height>10</Height>
      </Size>
      <Location>
        <X>11.19376</X>
        <Y>46.52915</Y>
      </Location>
      <Alignment>
        <Vertical>Center</Vertical>
        <Horizontal>Center</Horizontal>
      </Alignment>
    </Label>
    <Image></Image>
    <ImageAlign>Center</ImageAlign>
    <FillColorFrom>-2572328</FillColorFrom>
    <FillColorTo>-2572328</FillColorTo>
    <Border>
      <Color>-16777216</Color>
      <Width>0.3</Width>
    </Border>
    <Location>
      <X>11.19376</X>
      <Y>46.52915</Y>
    </Location>
    <Size>
      <Width>20</Width>
      <Height>10</Height>
    </Size>
  </NodeInfo>
  <NodeInfo name="Driver" type="InputData">
    <Label>
      <Text>Driver</Text>
      <Font>
        <Name>Microsoft Sans Serif</Name>
        <Style>Regular</Style>
        <Size>9</Size>
      </Font>
      <Size>
        <Width>20</Width>
        <Height>10</Height>
      </Size>
      <Location>
        <X>10.66458</X>
        <Y>62.40415</Y>
      </Location>
      <Alignment>
        <Vertical>Center</Vertical>
        <Horizontal>Center</Horizontal>
      </Alignment>
    </Label>
    <Image></Image>
    <ImageAlign>Center</ImageAlign>
    <FillColorFrom>-2572328</FillColorFrom>
    <FillColorTo>-2572328</FillColorTo>
    <Border>
      <Color>-16777216</Color>
      <Width>0.3</Width>
    </Border>
    <Location>
      <X>10.66458</X>
      <Y>62.40415</Y>
    </Location>
    <Size>
      <Width>20</Width>
      <Height>10</Height>
    </Size>
  </NodeInfo>
  <NodeInfo name="SubDrd77" type="SubDrd">
    <Label>
      <Text>Discount Policy</Text>
      <Font>
        <Name>Microsoft Sans Serif</Name>
        <Style>Regular</Style>
        <Size>9</Size>
      </Font>
      <Size>
        <Width>20</Width>
        <Height>10</Height>
      </Size>
      <Location>
        <X>59.88952</X>
        <Y>42.44791</Y>
      </Location>
      <Alignment>
        <Vertical>Center</Vertical>
        <Horizontal>Center</Horizontal>
      </Alignment>
    </Label>
    <Image></Image>
    <ImageAlign>Center</ImageAlign>
    <FillColorFrom>-2624513</FillColorFrom>
    <FillColorTo>-2624513</FillColorTo>
    <Border>
      <Color>-16777216</Color>
      <Width>0.3</Width>
    </Border>
    <Location>
      <X>57.54162</X>
      <Y>40.86041</Y>
    </Location>
    <Size>
      <Width>25.75415</Width>
      <Height>11.99583</Height>
    </Size>
  </NodeInfo>
  <NodeInfo name="Decision78" type="Decision">
    <Label>
      <Text>Premium Amount</Text>
      <Font>
        <Name>Microsoft Sans Serif</Name>
        <Style>Regular</Style>
        <Size>9</Size>
      </Font>
      <Size>
        <Width>20</Width>
        <Height>10</Height>
      </Size>
      <Location>
        <X>60.18749</X>
        <Y>19.95833</Y>
      </Location>
      <Alignment>
        <Vertical>Center</Vertical>
        <Horizontal>Center</Horizontal>
      </Alignment>
    </Label>
    <Image></Image>
    <ImageAlign>Center</ImageAlign>
    <FillColorFrom>-7876870</FillColorFrom>
    <FillColorTo>-7876870</FillColorTo>
    <Border>
      <Color>-16777216</Color>
      <Width>0.3</Width>
    </Border>
    <Location>
      <X>60.18749</X>
      <Y>19.95833</Y>
    </Location>
    <Size>
      <Width>20</Width>
      <Height>10</Height>
    </Size>
  </NodeInfo>
  <NodeInfo name="Transition268" type="Transition">
    <Label>
      <Text></Text>
      <Font>
        <Name>Microsoft Sans Serif</Name>
        <Style>Regular</Style>
        <Size>9</Size>
      </Font>
    </Label>
    <FillColorFrom>-9868951</FillColorFrom>
    <FillColorTo>-9868951</FillColorTo>
    <Border>
      <Color>-16777216</Color>
      <Width>0.3</Width>
    </Border>
    <Location>
      <X>59.45242</X>
      <Y>75.20832</Y>
    </Location>
    <Size>
      <Width>8.696857</Width>
      <Height>17.36253</Height>
    </Size>
    <Shape>Polyline</Shape>
    <SegmentCount>1</SegmentCount>
    <Anchors>
      <Origin>-1</Origin>
      <Destination>-1</Destination>
    </Anchors>
    <Head>Triangle</Head>
    <Pen>0/#FF000000/0.3/0/0//0/0/10/</Pen>
    <Points>
      <Point>
        <X>59.75242</X>
        <Y>92.27084</Y>
      </Point>
      <Point>
        <X>67.84927</X>
        <Y>75.50832</Y>
      </Point>
      <Start>
        <X>59.75242</X>
        <Y>92.27084</Y>
      </Start>
      <End>
        <X>67.84927</X>
        <Y>75.50832</Y>
      </End>
    </Points>
  </NodeInfo>
  <NodeInfo name="Transition269" type="Transition">
    <Label>
      <Text></Text>
      <Font>
        <Name>Microsoft Sans Serif</Name>
        <Style>Regular</Style>
        <Size>9</Size>
      </Font>
    </Label>
    <FillColorFrom>-9868951</FillColorFrom>
    <FillColorTo>-9868951</FillColorTo>
    <Border>
      <Color>-16777216</Color>
      <Width>0.3</Width>
    </Border>
    <Location>
      <X>74.69442</X>
      <Y>75.20832</Y>
    </Location>
    <Size>
      <Width>14.44543</Width>
      <Height>17.36253</Height>
    </Size>
    <Shape>Polyline</Shape>
    <SegmentCount>1</SegmentCount>
    <Anchors>
      <Origin>-1</Origin>
      <Destination>-1</Destination>
    </Anchors>
    <Head>Triangle</Head>
    <Pen>0/#FF000000/0.3/0/0//0/0/10/</Pen>
    <Points>
      <Point>
        <X>88.83984</X>
        <Y>92.27084</Y>
      </Point>
      <Point>
        <X>74.99442</X>
        <Y>75.50832</Y>
      </Point>
      <Start>
        <X>88.83984</X>
        <Y>92.27084</Y>
      </Start>
      <End>
        <X>74.99442</X>
        <Y>75.50832</Y>
      </End>
    </Points>
  </NodeInfo>
  <NodeInfo name="Transition166" type="Transition">
    <Label>
      <Text></Text>
      <Font>
        <Name>Microsoft Sans Serif</Name>
        <Style>Regular</Style>
        <Size>9</Size>
      </Font>
    </Label>
    <FillColorFrom>-9868951</FillColorFrom>
    <FillColorTo>-9868951</FillColorTo>
    <Border>
      <Color>-16777216</Color>
      <Width>0.3</Width>
    </Border>
    <Location>
      <X>29.76726</X>
      <Y>54.58342</Y>
    </Location>
    <Size>
      <Width>27.89941</Width>
      <Height>10.84895</Height>
    </Size>
    <Shape>Polyline</Shape>
    <SegmentCount>1</SegmentCount>
    <Anchors>
      <Origin>-1</Origin>
      <Destination>-1</Destination>
    </Anchors>
    <Head>Triangle</Head>
    <Pen>0/#FF000000/0.3/0/0//0/0/10/</Pen>
    <Points>
      <Point>
        <X>30.06726</X>
        <Y>54.88342</Y>
      </Point>
      <Point>
        <X>57.36667</X>
        <Y>65.13236</Y>
      </Point>
      <Start>
        <X>30.06726</X>
        <Y>54.88342</Y>
      </Start>
      <End>
        <X>57.36667</X>
        <Y>65.13236</Y>
      </End>
    </Points>
  </NodeInfo>
  <NodeInfo name="Transition168" type="Transition">
    <Label>
      <Text></Text>
      <Font>
        <Name>Microsoft Sans Serif</Name>
        <Style>Regular</Style>
        <Size>9</Size>
      </Font>
    </Label>
    <FillColorFrom>-9868951</FillColorFrom>
    <FillColorTo>-9868951</FillColorTo>
    <Border>
      <Color>-16777216</Color>
      <Width>0.3</Width>
    </Border>
    <Location>
      <X>30.29841</X>
      <Y>67.65423</Y>
    </Location>
    <Size>
      <Width>27.36826</Width>
      <Height>2.012596</Height>
    </Size>
    <Shape>Polyline</Shape>
    <SegmentCount>1</SegmentCount>
    <Anchors>
      <Origin>-1</Origin>
      <Destination>-1</Destination>
    </Anchors>
    <Head>Triangle</Head>
    <Pen>0/#FF000000/0.3/0/0//0/0/10/</Pen>
    <Points>
      <Point>
        <X>30.59841</X>
        <Y>67.95423</Y>
      </Point>
      <Point>
        <X>57.36667</X>
        <Y>69.36682</Y>
      </Point>
      <Start>
        <X>30.59841</X>
        <Y>67.95423</Y>
      </Start>
      <End>
        <X>57.36667</X>
        <Y>69.36682</Y>
      </End>
    </Points>
  </NodeInfo>
  <NodeInfo name="Transition253" type="Transition">
    <Label>
      <Text></Text>
      <Font>
        <Name>Microsoft Sans Serif</Name>
        <Style>Regular</Style>
        <Size>9</Size>
      </Font>
    </Label>
    <FillColorFrom>-9868951</FillColorFrom>
    <FillColorTo>-9868951</FillColorTo>
    <Border>
      <Color>-16777216</Color>
      <Width>0.3</Width>
    </Border>
    <Location>
      <X>70.11081</X>
      <Y>52.55624</Y>
    </Location>
    <Size>
      <Width>0.645874</Width>
      <Height>12.33543</Height>
    </Size>
    <Shape>Polyline</Shape>
    <SegmentCount>1</SegmentCount>
    <Anchors>
      <Origin>-1</Origin>
      <Destination>-1</Destination>
    </Anchors>
    <Head>Triangle</Head>
    <Pen>0/#FF000000/0.3/0/0//0/0/10/</Pen>
    <Points>
      <Point>
        <X>70.45668</X>
        <Y>64.59167</Y>
      </Point>
      <Point>
        <X>70.41081</X>
        <Y>52.85624</Y>
      </Point>
      <Start>
        <X>70.45668</X>
        <Y>64.59167</Y>
      </Start>
      <End>
        <X>70.41081</X>
        <Y>52.85624</Y>
      </End>
    </Points>
  </NodeInfo>
  <NodeInfo name="Transition254" type="Transition">
    <Label>
      <Text></Text>
      <Font>
        <Name>Microsoft Sans Serif</Name>
        <Style>Regular</Style>
        <Size>9</Size>
      </Font>
    </Label>
    <FillColorFrom>-9868951</FillColorFrom>
    <FillColorTo>-9868951</FillColorTo>
    <Border>
      <Color>-16777216</Color>
      <Width>0.3</Width>
    </Border>
    <Location>
      <X>69.92496</X>
      <Y>29.65833</Y>
    </Location>
    <Size>
      <Width>0.7036743</Width>
      <Height>11.50208</Height>
    </Size>
    <Shape>Polyline</Shape>
    <SegmentCount>1</SegmentCount>
    <Anchors>
      <Origin>-1</Origin>
      <Destination>-1</Destination>
    </Anchors>
    <Head>Triangle</Head>
    <Pen>0/#FF000000/0.3/0/0//0/0/10/</Pen>
    <Points>
      <Point>
        <X>70.32864</X>
        <Y>40.86041</Y>
      </Point>
      <Point>
        <X>70.22497</X>
        <Y>29.95833</Y>
      </Point>
      <Start>
        <X>70.32864</X>
        <Y>40.86041</Y>
      </Start>
      <End>
        <X>70.22497</X>
        <Y>29.95833</Y>
      </End>
    </Points>
  </NodeInfo>
  <NodeInfo name="Eligibility" type="InputData">
    <Label>
      <Text>Eligibility</Text>
      <Font>
        <Name>Microsoft Sans Serif</Name>
        <Style>Regular</Style>
        <Size>9</Size>
      </Font>
      <Size>
        <Width>20</Width>
        <Height>10</Height>
      </Size>
      <Location>
        <X>8.329172</X>
        <Y>81.1229</Y>
      </Location>
      <Alignment>
        <Vertical>Center</Vertical>
        <Horizontal>Center</Horizontal>
      </Alignment>
    </Label>
    <Image></Image>
    <ImageAlign>Center</ImageAlign>
    <FillColorFrom>-2572328</FillColorFrom>
    <FillColorTo>-2572328</FillColorTo>
    <Border>
      <Color>-16777216</Color>
      <Width>0.3</Width>
    </Border>
    <Location>
      <X>8.329172</X>
      <Y>81.1229</Y>
    </Location>
    <Size>
      <Width>20</Width>
      <Height>10</Height>
    </Size>
  </NodeInfo>
  <NodeInfo name="Transition386" type="Transition">
    <Label>
      <Text></Text>
      <Font>
        <Name>Microsoft Sans Serif</Name>
        <Style>Regular</Style>
        <Size>9</Size>
      </Font>
    </Label>
    <FillColorFrom>-9868951</FillColorFrom>
    <FillColorTo>-9868951</FillColorTo>
    <Border>
      <Color>-16777216</Color>
      <Width>0.3</Width>
    </Border>
    <Location>
      <X>27.14287</X>
      <Y>73.77009</Y>
    </Location>
    <Size>
      <Width>30.5238</Width>
      <Height>9.768379</Height>
    </Size>
    <Shape>Polyline</Shape>
    <SegmentCount>1</SegmentCount>
    <Anchors>
      <Origin>-1</Origin>
      <Destination>-1</Destination>
    </Anchors>
    <Head>Triangle</Head>
    <Pen>0/#FF000000/0.3/0/0//0/0/10/</Pen>
    <Points>
      <Point>
        <X>27.44287</X>
        <Y>83.23846</Y>
      </Point>
      <Point>
        <X>57.36667</X>
        <Y>74.07009</Y>
      </Point>
      <Start>
        <X>27.44287</X>
        <Y>83.23846</Y>
      </Start>
      <End>
        <X>57.36667</X>
        <Y>74.07009</Y>
      </End>
    </Points>
  </NodeInfo>
</Nodes>