<Nodes version="2">
  <NodeInfo name="Determine Rating" type="DRD" />
  <NodeInfo name="Decision360" type="Decision">
    <Label>
      <Text>Determine Rating</Text>
      <Font>
        <Name>Microsoft Sans Serif</Name>
        <Style>Regular</Style>
        <Size>9</Size>
      </Font>
      <Size>
        <Width>20</Width>
        <Height>10</Height>
      </Size>
      <Location>
        <X>85.94478</X>
        <Y>26.14895</Y>
      </Location>
      <Alignment>
        <Vertical>Center</Vertical>
        <Horizontal>Center</Horizontal>
      </Alignment>
    </Label>
    <Image></Image>
    <ImageAlign>Center</ImageAlign>
    <FillColorFrom>-7876870</FillColorFrom>
    <FillColorTo>-7876870</FillColorTo>
    <Border>
      <Color>-16777216</Color>
      <Width>0.3</Width>
    </Border>
    <Location>
      <X>82.81458</X>
      <Y>26.14895</Y>
    </Location>
    <Size>
      <Width>26.26041</Width>
      <Height>12.02709</Height>
    </Size>
  </NodeInfo>
  <NodeInfo name="BusinessKnowledge361" type="BusinessKnowledge">
    <Label>
      <Text>Potential Occupant Injury Category</Text>
      <Font>
        <Name>Microsoft Sans Serif</Name>
        <Style>Regular</Style>
        <Size>9</Size>
      </Font>
      <Size>
        <Width>22.46875</Width>
        <Height>13.31875</Height>
      </Size>
      <Location>
        <X>51.06458</X>
        <Y>60.23541</Y>
      </Location>
      <Alignment>
        <Vertical>Center</Vertical>
        <Horizontal>Center</Horizontal>
      </Alignment>
    </Label>
    <Image></Image>
    <ImageAlign>Center</ImageAlign>
    <FillColorFrom>-10039894</FillColorFrom>
    <FillColorTo>-10039894</FillColorTo>
    <Border>
      <Color>-16777216</Color>
      <Width>0.3</Width>
    </Border>
    <Location>
      <X>48.94791</X>
      <Y>60.76458</Y>
    </Location>
    <Size>
      <Width>27.05416</Width>
      <Height>13.84792</Height>
    </Size>
  </NodeInfo>
  <NodeInfo name="BusinessKnowledge362" type="BusinessKnowledge">
    <Label>
      <Text>Potential Theft Category</Text>
      <Font>
        <Name>Microsoft Sans Serif</Name>
        <Style>Regular</Style>
        <Size>9</Size>
      </Font>
      <Size>
        <Width>22.37917</Width>
        <Height>13.31875</Height>
      </Size>
      <Location>
        <X>112.7125</X>
        <Y>60.76458</Y>
      </Location>
      <Alignment>
        <Vertical>Center</Vertical>
        <Horizontal>Center</Horizontal>
      </Alignment>
    </Label>
    <Image></Image>
    <ImageAlign>Center</ImageAlign>
    <FillColorFrom>-10039894</FillColorFrom>
    <FillColorTo>-10039894</FillColorTo>
    <Border>
      <Color>-16777216</Color>
      <Width>0.3</Width>
    </Border>
    <Location>
      <X>111.5646</X>
      <Y>60.76458</Y>
    </Location>
    <Size>
      <Width>27.05416</Width>
      <Height>13.84792</Height>
    </Size>
  </NodeInfo>
  <NodeInfo name="Car" type="InputData">
    <Label>
      <Text>Car</Text>
      <Font>
        <Name>Microsoft Sans Serif</Name>
        <Style>Regular</Style>
        <Size>9</Size>
      </Font>
      <Size>
        <Width>20</Width>
        <Height>10</Height>
      </Size>
      <Location>
        <X>49.65208</X>
        <Y>27.1625</Y>
      </Location>
      <Alignment>
        <Vertical>Center</Vertical>
        <Horizontal>Center</Horizontal>
      </Alignment>
    </Label>
    <Image></Image>
    <ImageAlign>Center</ImageAlign>
    <FillColorFrom>-2572328</FillColorFrom>
    <FillColorTo>-2572328</FillColorTo>
    <Border>
      <Color>-16777216</Color>
      <Width>0.3</Width>
    </Border>
    <Location>
      <X>49.65208</X>
      <Y>27.1625</Y>
    </Location>
    <Size>
      <Width>20</Width>
      <Height>9.999998</Height>
    </Size>
  </NodeInfo>
  <NodeInfo name="Transition363" type="Transition">
    <Label>
      <Text></Text>
      <Font>
        <Name>Microsoft Sans Serif</Name>
        <Style>Regular</Style>
        <Size>9</Size>
      </Font>
    </Label>
    <FillColorFrom>-9868951</FillColorFrom>
    <FillColorTo>-9868951</FillColorTo>
    <Border>
      <Color>-16777216</Color>
      <Width>0.3</Width>
    </Border>
    <Location>
      <X>68.69819</X>
      <Y>37.87604</Y>
    </Location>
    <Size>
      <Width>21.88113</Width>
      <Height>23.18854</Height>
    </Size>
    <Shape>Polyline</Shape>
    <SegmentCount>1</SegmentCount>
    <Anchors>
      <Origin>-1</Origin>
      <Destination>-1</Destination>
    </Anchors>
    <Head>Arrow</Head>
    <Pen>5/#FF000000/0.3/2/10/5/0//0/0/10/</Pen>
    <Points>
      <Point>
        <X>68.99819</X>
        <Y>60.76458</Y>
      </Point>
      <Point>
        <X>90.27931</X>
        <Y>38.17604</Y>
      </Point>
      <Start>
        <X>68.99819</X>
        <Y>60.76458</Y>
      </Start>
      <End>
        <X>90.27931</X>
        <Y>38.17604</Y>
      </End>
    </Points>
  </NodeInfo>
  <NodeInfo name="Transition364" type="Transition">
    <Label>
      <Text></Text>
      <Font>
        <Name>Microsoft Sans Serif</Name>
        <Style>Regular</Style>
        <Size>9</Size>
      </Font>
    </Label>
    <FillColorFrom>-9868951</FillColorFrom>
    <FillColorTo>-9868951</FillColorTo>
    <Border>
      <Color>-16777216</Color>
      <Width>0.3</Width>
    </Border>
    <Location>
      <X>100.5785</X>
      <Y>37.87604</Y>
    </Location>
    <Size>
      <Width>19.13251</Width>
      <Height>23.18854</Height>
    </Size>
    <Shape>Polyline</Shape>
    <SegmentCount>1</SegmentCount>
    <Anchors>
      <Origin>-1</Origin>
      <Destination>-1</Destination>
    </Anchors>
    <Head>Arrow</Head>
    <Pen>5/#FF000000/0.3/2/10/5/0//0/0/10/</Pen>
    <Points>
      <Point>
        <X>119.411</X>
        <Y>60.76458</Y>
      </Point>
      <Point>
        <X>100.8785</X>
        <Y>38.17604</Y>
      </Point>
      <Start>
        <X>119.411</X>
        <Y>60.76458</Y>
      </Start>
      <End>
        <X>100.8785</X>
        <Y>38.17604</Y>
      </End>
    </Points>
  </NodeInfo>
  <NodeInfo name="Transition368" type="Transition">
    <Label>
      <Text></Text>
      <Font>
        <Name>Microsoft Sans Serif</Name>
        <Style>Regular</Style>
        <Size>9</Size>
      </Font>
    </Label>
    <FillColorFrom>-9868951</FillColorFrom>
    <FillColorTo>-9868951</FillColorTo>
    <Border>
      <Color>-16777216</Color>
      <Width>0.3</Width>
    </Border>
    <Location>
      <X>69.38319</X>
      <Y>31.86254</Y>
    </Location>
    <Size>
      <Width>13.73139</Width>
      <Height>0.6000481</Height>
    </Size>
    <Shape>Polyline</Shape>
    <SegmentCount>1</SegmentCount>
    <Anchors>
      <Origin>-1</Origin>
      <Destination>-1</Destination>
    </Anchors>
    <Head>Triangle</Head>
    <Pen>0/#FF000000/0.3/0/0//0/0/10/</Pen>
    <Points>
      <Point>
        <X>69.6832</X>
        <Y>32.16259</Y>
      </Point>
      <Point>
        <X>82.81458</X>
        <Y>32.16254</Y>
      </Point>
      <Start>
        <X>69.6832</X>
        <Y>32.16259</Y>
      </Start>
      <End>
        <X>82.81458</X>
        <Y>32.16254</Y>
      </End>
    </Points>
  </NodeInfo>
</Nodes>