<Nodes version="2">
  <NodeInfo name="TestBookletFlow" type="Flow" />
  <NodeInfo name="Start2" type="Start">
    <Label>
      <Text></Text>
      <Font>
        <Name>Microsoft Sans Serif</Name>
        <Style>Regular</Style>
        <Size>9</Size>
      </Font>
      <Size>
        <Width>7</Width>
        <Height>7</Height>
      </Size>
      <Location>
        <X>5</X>
        <Y>7.233331</Y>
      </Location>
      <Alignment>
        <Vertical>Center</Vertical>
        <Horizontal>Center</Horizontal>
      </Alignment>
    </Label>
    <Image></Image>
    <ImageAlign>Center</ImageAlign>
    <FillColorFrom>-4139365</FillColorFrom>
    <FillColorTo>-4139365</FillColorTo>
    <Border>
      <Color>-16777216</Color>
      <Width>0.3</Width>
    </Border>
    <Location>
      <X>5</X>
      <Y>7.233331</Y>
    </Location>
    <Size>
      <Width>7</Width>
      <Height>7</Height>
    </Size>
  </NodeInfo>
  <NodeInfo name="End73" type="End">
    <Label>
      <Text></Text>
      <Font>
        <Name>Microsoft Sans Serif</Name>
        <Style>Regular</Style>
        <Size>9</Size>
      </Font>
      <Size>
        <Width>7</Width>
        <Height>7</Height>
      </Size>
      <Location>
        <X>82.225</X>
        <Y>7.233331</Y>
      </Location>
      <Alignment>
        <Vertical>Center</Vertical>
        <Horizontal>Center</Horizontal>
      </Alignment>
    </Label>
    <Image></Image>
    <ImageAlign>Center</ImageAlign>
    <FillColorFrom>-2517356</FillColorFrom>
    <FillColorTo>-2517356</FillColorTo>
    <Border>
      <Color>-16777216</Color>
      <Width>0.3</Width>
    </Border>
    <Location>
      <X>82.225</X>
      <Y>7.233331</Y>
    </Location>
    <Size>
      <Width>7</Width>
      <Height>7</Height>
    </Size>
  </NodeInfo>
  <NodeInfo name="Activity36" type="Activity">
    <Label>
      <Text>TestFlow</Text>
      <Font>
        <Name>Microsoft Sans Serif</Name>
        <Style>Regular</Style>
        <Size>9</Size>
      </Font>
      <Size>
        <Width>15</Width>
        <Height>9.999999</Height>
      </Size>
      <Location>
        <X>57.225</X>
        <Y>5.733331</Y>
      </Location>
      <Alignment>
        <Vertical>Center</Vertical>
        <Horizontal>Center</Horizontal>
      </Alignment>
    </Label>
    <Image></Image>
    <ImageAlign>Center</ImageAlign>
    <FillColorFrom>-6365972</FillColorFrom>
    <FillColorTo>-6365972</FillColorTo>
    <Border>
      <Color>-16777216</Color>
      <Width>0.3</Width>
    </Border>
    <Location>
      <X>57.225</X>
      <Y>5.733331</Y>
    </Location>
    <Size>
      <Width>15</Width>
      <Height>9.999999</Height>
    </Size>
  </NodeInfo>
  <NodeInfo name="Activity39" type="Activity">
    <Label>
      <Text>Data Type Conversion</Text>
      <Font>
        <Name>Microsoft Sans Serif</Name>
        <Style>Regular</Style>
        <Size>9</Size>
      </Font>
      <Size>
        <Width>18.96458</Width>
        <Height>10</Height>
      </Size>
      <Location>
        <X>23.14791</X>
        <Y>5</Y>
      </Location>
      <Alignment>
        <Vertical>Center</Vertical>
        <Horizontal>Center</Horizontal>
      </Alignment>
    </Label>
    <Image></Image>
    <ImageAlign>Center</ImageAlign>
    <FillColorFrom>-6365972</FillColorFrom>
    <FillColorTo>-6365972</FillColorTo>
    <Border>
      <Color>-16777216</Color>
      <Width>0.3</Width>
    </Border>
    <Location>
      <X>22</X>
      <Y>5</Y>
    </Location>
    <Size>
      <Width>25.225</Width>
      <Height>11.46666</Height>
    </Size>
  </NodeInfo>
  <NodeInfo name="Transition40" type="Transition">
    <Label>
      <Text></Text>
      <Font>
        <Name>Microsoft Sans Serif</Name>
        <Style>Regular</Style>
        <Size>9</Size>
      </Font>
    </Label>
    <FillColorFrom>-9868951</FillColorFrom>
    <FillColorTo>-9868951</FillColorTo>
    <Border>
      <Color>-16777216</Color>
      <Width>0.3</Width>
    </Border>
    <Location>
      <X>11.69697</X>
      <Y>10.43333</Y>
    </Location>
    <Size>
      <Width>10.60303</Width>
      <Height>0.6000004</Height>
    </Size>
    <Shape>Polyline</Shape>
    <SegmentCount>1</SegmentCount>
    <Anchors>
      <Origin>-1</Origin>
      <Destination>-1</Destination>
    </Anchors>
    <Head>Triangle</Head>
    <Pen>0/#FF000000/0.3/0/0//0/0/10/</Pen>
    <Points>
      <Point>
        <X>11.99697</X>
        <Y>10.73333</Y>
      </Point>
      <Point>
        <X>22</X>
        <Y>10.73333</Y>
      </Point>
      <Start>
        <X>11.99697</X>
        <Y>10.73333</Y>
      </Start>
      <End>
        <X>22</X>
        <Y>10.73333</Y>
      </End>
    </Points>
  </NodeInfo>
  <NodeInfo name="Transition38" type="Transition">
    <Label>
      <Text></Text>
      <Font>
        <Name>Microsoft Sans Serif</Name>
        <Style>Regular</Style>
        <Size>9</Size>
      </Font>
    </Label>
    <FillColorFrom>-9868951</FillColorFrom>
    <FillColorTo>-9868951</FillColorTo>
    <Border>
      <Color>-16777216</Color>
      <Width>0.3</Width>
    </Border>
    <Location>
      <X>71.925</X>
      <Y>10.43333</Y>
    </Location>
    <Size>
      <Width>10.62804</Width>
      <Height>0.6000004</Height>
    </Size>
    <Shape>Polyline</Shape>
    <SegmentCount>1</SegmentCount>
    <Anchors>
      <Origin>-1</Origin>
      <Destination>-1</Destination>
    </Anchors>
    <Head>Triangle</Head>
    <Pen>0/#FF000000/0.3/0/0//0/0/10/</Pen>
    <Points>
      <Point>
        <X>72.225</X>
        <Y>10.73333</Y>
      </Point>
      <Point>
        <X>82.25303</X>
        <Y>10.73333</Y>
      </Point>
      <Start>
        <X>72.225</X>
        <Y>10.73333</Y>
      </Start>
      <End>
        <X>82.25303</X>
        <Y>10.73333</Y>
      </End>
    </Points>
  </NodeInfo>
  <NodeInfo name="Transition41" type="Transition">
    <Label>
      <Text></Text>
      <Font>
        <Name>Microsoft Sans Serif</Name>
        <Style>Regular</Style>
        <Size>9</Size>
      </Font>
    </Label>
    <FillColorFrom>-9868951</FillColorFrom>
    <FillColorTo>-9868951</FillColorTo>
    <Border>
      <Color>-16777216</Color>
      <Width>0.3</Width>
    </Border>
    <Location>
      <X>44.65475</X>
      <Y>10.43333</Y>
    </Location>
    <Size>
      <Width>12.87025</Width>
      <Height>0.6000004</Height>
    </Size>
    <Shape>Polyline</Shape>
    <SegmentCount>1</SegmentCount>
    <Anchors>
      <Origin>-1</Origin>
      <Destination>-1</Destination>
    </Anchors>
    <Head>Triangle</Head>
    <Pen>0/#FF000000/0.3/0/0//0/0/10/</Pen>
    <Points>
      <Point>
        <X>44.95475</X>
        <Y>10.73333</Y>
      </Point>
      <Point>
        <X>57.225</X>
        <Y>10.73333</Y>
      </Point>
      <Start>
        <X>44.95475</X>
        <Y>10.73333</Y>
      </Start>
      <End>
        <X>57.225</X>
        <Y>10.73333</Y>
      </End>
    </Points>
  </NodeInfo>
</Nodes>