<Nodes version="2">
  <NodeInfo name="WorFlow" type="Workflow" />
  <NodeInfo name="Start231" type="Start">
    <Label>
      <Text></Text>
      <Font>
        <Name>Microsoft Sans Serif</Name>
        <Style>Regular</Style>
        <Size>9</Size>
      </Font>
      <Size>
        <Width>7</Width>
        <Height>7</Height>
      </Size>
      <Location>
        <X>82.19586</X>
        <Y>57.0604</Y>
      </Location>
      <Alignment>
        <Vertical>Center</Vertical>
        <Horizontal>Center</Horizontal>
      </Alignment>
    </Label>
    <Image></Image>
    <ImageAlign>Center</ImageAlign>
    <FillColorFrom>-4139365</FillColorFrom>
    <FillColorTo>-4139365</FillColorTo>
    <Border>
      <Color>-16777216</Color>
      <Width>0.3</Width>
    </Border>
    <Location>
      <X>82.19586</X>
      <Y>57.0604</Y>
    </Location>
    <Size>
      <Width>7</Width>
      <Height>7</Height>
    </Size>
  </NodeInfo>
  <NodeInfo name="Decision234" type="Decision">
    <Label>
      <Text></Text>
      <Font>
        <Name>Microsoft Sans Serif</Name>
        <Style>Regular</Style>
        <Size>9</Size>
      </Font>
      <Size>
        <Width>10</Width>
        <Height>10</Height>
      </Size>
      <Location>
        <X>173.4557</X>
        <Y>55.5604</Y>
      </Location>
      <Alignment>
        <Vertical>Center</Vertical>
        <Horizontal>Center</Horizontal>
      </Alignment>
    </Label>
    <Image></Image>
    <ImageAlign>Center</ImageAlign>
    <FillColorFrom>-343921</FillColorFrom>
    <FillColorTo>-343921</FillColorTo>
    <Border>
      <Color>-16777216</Color>
      <Width>0.3</Width>
    </Border>
    <Location>
      <X>172.987</X>
      <Y>55.5604</Y>
    </Location>
    <Size>
      <Width>10.9375</Width>
      <Height>10</Height>
    </Size>
  </NodeInfo>
  <NodeInfo name="Activity238" type="Activity">
    <Label>
      <Text>Decline</Text>
      <Font>
        <Name>Microsoft Sans Serif</Name>
        <Style>Regular</Style>
        <Size>9</Size>
      </Font>
      <Size>
        <Width>18.72084</Width>
        <Height>10</Height>
      </Size>
      <Location>
        <X>169.2224</X>
        <Y>89.86873</Y>
      </Location>
      <Alignment>
        <Vertical>Center</Vertical>
        <Horizontal>Center</Horizontal>
      </Alignment>
    </Label>
    <Image></Image>
    <ImageAlign>Center</ImageAlign>
    <FillColorFrom>-272971</FillColorFrom>
    <FillColorTo>-272971</FillColorTo>
    <Border>
      <Color>-16777216</Color>
      <Width>0.3</Width>
    </Border>
    <Location>
      <X>167.1593</X>
      <Y>89.33952</Y>
    </Location>
    <Size>
      <Width>22.59282</Width>
      <Height>9.925041</Height>
    </Size>
  </NodeInfo>
  <NodeInfo name="Terminate240" type="Terminate">
    <Label>
      <Text></Text>
      <Font>
        <Name>Microsoft Sans Serif</Name>
        <Style>Regular</Style>
        <Size>9</Size>
      </Font>
      <Size>
        <Width>7</Width>
        <Height>7</Height>
      </Size>
      <Location>
        <X>245.7176</X>
        <Y>90.80205</Y>
      </Location>
      <Alignment>
        <Vertical>Center</Vertical>
        <Horizontal>Center</Horizontal>
      </Alignment>
    </Label>
    <Image></Image>
    <ImageAlign>Center</ImageAlign>
    <FillColorFrom>-2517356</FillColorFrom>
    <FillColorTo>-2517356</FillColorTo>
    <Border>
      <Color>-16777216</Color>
      <Width>0.3</Width>
    </Border>
    <Location>
      <X>245.7176</X>
      <Y>90.80205</Y>
    </Location>
    <Size>
      <Width>7</Width>
      <Height>7.000008</Height>
    </Size>
  </NodeInfo>
  <NodeInfo name="Activity292" type="Activity">
    <Label>
      <Text>Calculate Auto Premium</Text>
      <Font>
        <Name>Microsoft Sans Serif</Name>
        <Style>Regular</Style>
        <Size>9</Size>
      </Font>
      <Size>
        <Width>15</Width>
        <Height>15</Height>
      </Size>
      <Location>
        <X>170.9557</X>
        <Y>22.13541</Y>
      </Location>
      <Alignment>
        <Vertical>Center</Vertical>
        <Horizontal>Center</Horizontal>
      </Alignment>
    </Label>
    <Image></Image>
    <ImageAlign>Center</ImageAlign>
    <FillColorFrom>-2624513</FillColorFrom>
    <FillColorTo>-2624513</FillColorTo>
    <Border>
      <Color>-16777216</Color>
      <Width>0.3</Width>
    </Border>
    <Location>
      <X>168.3776</X>
      <Y>22.13541</Y>
    </Location>
    <Size>
      <Width>20.15624</Width>
      <Height>15.49792</Height>
    </Size>
  </NodeInfo>
  <NodeInfo name="End296" type="End">
    <Label>
      <Text></Text>
      <Font>
        <Name>Microsoft Sans Serif</Name>
        <Style>Regular</Style>
        <Size>9</Size>
      </Font>
      <Size>
        <Width>7</Width>
        <Height>7</Height>
      </Size>
      <Location>
        <X>245.7176</X>
        <Y>26.38437</Y>
      </Location>
      <Alignment>
        <Vertical>Center</Vertical>
        <Horizontal>Center</Horizontal>
      </Alignment>
    </Label>
    <Image></Image>
    <ImageAlign>Center</ImageAlign>
    <FillColorFrom>-2517356</FillColorFrom>
    <FillColorTo>-2517356</FillColorTo>
    <Border>
      <Color>-16777216</Color>
      <Width>0.3</Width>
    </Border>
    <Location>
      <X>245.7176</X>
      <Y>26.38437</Y>
    </Location>
    <Size>
      <Width>7</Width>
      <Height>7</Height>
    </Size>
  </NodeInfo>
  <NodeInfo name="Activity42" type="Activity">
    <Label>
      <Text>Input 
Data
Validation</Text>
      <Font>
        <Name>Microsoft Sans Serif</Name>
        <Style>Regular</Style>
        <Size>9</Size>
      </Font>
      <Size>
        <Width>20</Width>
        <Height>13</Height>
      </Size>
      <Location>
        <X>99.43961</X>
        <Y>54.0604</Y>
      </Location>
      <Alignment>
        <Vertical>Center</Vertical>
        <Horizontal>Center</Horizontal>
      </Alignment>
    </Label>
    <Image></Image>
    <ImageAlign>Center</ImageAlign>
    <FillColorFrom>-3942757</FillColorFrom>
    <FillColorTo>-3942757</FillColorTo>
    <Border>
      <Color>-16777216</Color>
      <Width>0.3</Width>
    </Border>
    <Location>
      <X>98.38126</X>
      <Y>54.0604</Y>
    </Location>
    <Size>
      <Width>20</Width>
      <Height>13</Height>
    </Size>
  </NodeInfo>
  <NodeInfo name="Terminate45" type="Terminate">
    <Label>
      <Text></Text>
      <Font>
        <Name>Microsoft Sans Serif</Name>
        <Style>Regular</Style>
        <Size>9</Size>
      </Font>
      <Size>
        <Width>7</Width>
        <Height>7</Height>
      </Size>
      <Location>
        <X>104.8813</X>
        <Y>83.03543</Y>
      </Location>
      <Alignment>
        <Vertical>Center</Vertical>
        <Horizontal>Center</Horizontal>
      </Alignment>
    </Label>
    <Image></Image>
    <ImageAlign>Center</ImageAlign>
    <FillColorFrom>-2517356</FillColorFrom>
    <FillColorTo>-2517356</FillColorTo>
    <Border>
      <Color>-16777216</Color>
      <Width>0.3</Width>
    </Border>
    <Location>
      <X>104.8813</X>
      <Y>83.03543</Y>
    </Location>
    <Size>
      <Width>7</Width>
      <Height>7</Height>
    </Size>
  </NodeInfo>
  <NodeInfo name="Activity114" type="Activity">
    <Label>
      <Text>Determine Eligibility Score</Text>
      <Font>
        <Name>Microsoft Sans Serif</Name>
        <Style>Regular</Style>
        <Size>9</Size>
      </Font>
      <Size>
        <Width>15.90103</Width>
        <Height>15</Height>
      </Size>
      <Location>
        <X>136.0417</X>
        <Y>53.86978</Y>
      </Location>
      <Alignment>
        <Vertical>Center</Vertical>
        <Horizontal>Center</Horizontal>
      </Alignment>
    </Label>
    <Image></Image>
    <ImageAlign>Center</ImageAlign>
    <FillColorFrom>-2624513</FillColorFrom>
    <FillColorTo>-2624513</FillColorTo>
    <Border>
      <Color>-16777216</Color>
      <Width>0.3</Width>
    </Border>
    <Location>
      <X>133.3062</X>
      <Y>52.81144</Y>
    </Location>
    <Size>
      <Width>20.15623</Width>
      <Height>15.49792</Height>
    </Size>
  </NodeInfo>
  <NodeInfo name="HumanTask23" type="Task">
    <Label>
      <Text>Underwriting
Decision</Text>
      <Font>
        <Name>Microsoft Sans Serif</Name>
        <Style>Regular</Style>
        <Size>9</Size>
      </Font>
      <Size>
        <Width>20</Width>
        <Height>10</Height>
      </Size>
      <Location>
        <X>210.3</X>
        <Y>55.5604</Y>
      </Location>
      <Alignment>
        <Vertical>Center</Vertical>
        <Horizontal>Center</Horizontal>
      </Alignment>
    </Label>
    <Image></Image>
    <ImageAlign>Center</ImageAlign>
    <FillColorFrom>-983041</FillColorFrom>
    <FillColorTo>-983041</FillColorTo>
    <Border>
      <Color>-16777216</Color>
      <Width>0.3</Width>
    </Border>
    <Location>
      <X>210.3</X>
      <Y>55.5604</Y>
    </Location>
    <Size>
      <Width>20</Width>
      <Height>9.999996</Height>
    </Size>
  </NodeInfo>
  <NodeInfo name="Transition43" type="Transition">
    <Label>
      <Text></Text>
      <Font>
        <Name>Microsoft Sans Serif</Name>
        <Style>Regular</Style>
        <Size>9</Size>
      </Font>
    </Label>
    <FillColorFrom>-9868951</FillColorFrom>
    <FillColorTo>-9868951</FillColorTo>
    <Border>
      <Color>-16777216</Color>
      <Width>0.3</Width>
    </Border>
    <Location>
      <X>88.95</X>
      <Y>60.26039</Y>
    </Location>
    <Size>
      <Width>12.5313</Width>
      <Height>0.5999985</Height>
    </Size>
    <Shape>Polyline</Shape>
    <SegmentCount>1</SegmentCount>
    <Anchors>
      <Origin>-1</Origin>
      <Destination>-1</Destination>
    </Anchors>
    <Head>Triangle</Head>
    <Pen>0/#FF000000/0.3/0/0//0/0/10/</Pen>
    <Points>
      <Point>
        <X>89.25</X>
        <Y>60.56039</Y>
      </Point>
      <Point>
        <X>101.1813</X>
        <Y>60.56039</Y>
      </Point>
      <Start>
        <X>89.25</X>
        <Y>60.56039</Y>
      </Start>
      <End>
        <X>101.1813</X>
        <Y>60.56039</Y>
      </End>
    </Points>
  </NodeInfo>
  <NodeInfo name="Transition239" type="Transition">
    <Label>
      <Text>Eligibility Score &gt; 250</Text>
      <Font>
        <Name>Microsoft Sans Serif</Name>
        <Style>Regular</Style>
        <Size>9</Size>
      </Font>
    </Label>
    <FillColorFrom>-9868951</FillColorFrom>
    <FillColorTo>-9868951</FillColorTo>
    <Border>
      <Color>-16777216</Color>
      <Width>0.3</Width>
    </Border>
    <Location>
      <X>178.4557</X>
      <Y>65.5604</Y>
    </Location>
    <Size>
      <Width>0</Width>
      <Height>23.77912</Height>
    </Size>
    <Shape>Polyline</Shape>
    <SegmentCount>1</SegmentCount>
    <Anchors>
      <Origin>-1</Origin>
      <Destination>-1</Destination>
    </Anchors>
    <Head>Triangle</Head>
    <Pen>0/#FF000000/0/0/0//0/0/10/</Pen>
    <Points>
      <Point>
        <X>178.4557</X>
        <Y>65.5604</Y>
      </Point>
      <Point>
        <X>178.4557</X>
        <Y>89.33952</Y>
      </Point>
      <Start>
        <X>178.4557</X>
        <Y>65.5604</Y>
      </Start>
      <End>
        <X>178.4557</X>
        <Y>89.33952</Y>
      </End>
    </Points>
  </NodeInfo>
  <NodeInfo name="Transition293" type="Transition">
    <Label>
      <Text>Eligibility Score &lt; 100</Text>
      <Font>
        <Name>Microsoft Sans Serif</Name>
        <Style>Regular</Style>
        <Size>9</Size>
      </Font>
    </Label>
    <FillColorFrom>-9868951</FillColorFrom>
    <FillColorTo>-9868951</FillColorTo>
    <Border>
      <Color>-16777216</Color>
      <Width>0.3</Width>
    </Border>
    <Location>
      <X>178.4557</X>
      <Y>37.63333</Y>
    </Location>
    <Size>
      <Width>0</Width>
      <Height>17.92706</Height>
    </Size>
    <Shape>Polyline</Shape>
    <SegmentCount>1</SegmentCount>
    <Anchors>
      <Origin>-1</Origin>
      <Destination>-1</Destination>
    </Anchors>
    <Head>Triangle</Head>
    <Pen>0/#FF000000/0/0/0//0/0/10/</Pen>
    <Points>
      <Point>
        <X>178.4557</X>
        <Y>55.56039</Y>
      </Point>
      <Point>
        <X>178.4557</X>
        <Y>37.63333</Y>
      </Point>
      <Start>
        <X>178.4557</X>
        <Y>55.56039</Y>
      </Start>
      <End>
        <X>178.4557</X>
        <Y>37.63333</Y>
      </End>
    </Points>
  </NodeInfo>
  <NodeInfo name="Transition90" type="Transition">
    <Label>
      <Text></Text>
      <Font>
        <Name>Microsoft Sans Serif</Name>
        <Style>Regular</Style>
        <Size>9</Size>
      </Font>
    </Label>
    <FillColorFrom>-9868951</FillColorFrom>
    <FillColorTo>-9868951</FillColorTo>
    <Border>
      <Color>-16777216</Color>
      <Width>0.3</Width>
    </Border>
    <Location>
      <X>183.6245</X>
      <Y>60.26039</Y>
    </Location>
    <Size>
      <Width>26.97551</Width>
      <Height>0.6000061</Height>
    </Size>
    <Shape>Polyline</Shape>
    <SegmentCount>1</SegmentCount>
    <Anchors>
      <Origin>-1</Origin>
      <Destination>-1</Destination>
    </Anchors>
    <Head>Triangle</Head>
    <Pen>0/#FF000000/0.3/0/0//0/0/10/</Pen>
    <Points>
      <Point>
        <X>183.9245</X>
        <Y>60.56039</Y>
      </Point>
      <Point>
        <X>210.3</X>
        <Y>60.5604</Y>
      </Point>
      <Start>
        <X>183.9245</X>
        <Y>60.56039</Y>
      </Start>
      <End>
        <X>210.3</X>
        <Y>60.5604</Y>
      </End>
    </Points>
  </NodeInfo>
  <NodeInfo name="Transition241" type="Transition">
    <Label>
      <Text></Text>
      <Font>
        <Name>Microsoft Sans Serif</Name>
        <Style>Regular</Style>
        <Size>9</Size>
      </Font>
    </Label>
    <FillColorFrom>-9868951</FillColorFrom>
    <FillColorTo>-9868951</FillColorTo>
    <Border>
      <Color>-16777216</Color>
      <Width>0.3</Width>
    </Border>
    <Location>
      <X>189.4521</X>
      <Y>94.00204</Y>
    </Location>
    <Size>
      <Width>56.59981</Width>
      <Height>0.6000061</Height>
    </Size>
    <Shape>Polyline</Shape>
    <SegmentCount>1</SegmentCount>
    <Anchors>
      <Origin>-1</Origin>
      <Destination>-1</Destination>
    </Anchors>
    <Head>Triangle</Head>
    <Pen>0/#FF000000/0.3/0/0//0/0/10/</Pen>
    <Points>
      <Point>
        <X>189.7521</X>
        <Y>94.30205</Y>
      </Point>
      <Point>
        <X>245.7519</X>
        <Y>94.30205</Y>
      </Point>
      <Start>
        <X>189.7521</X>
        <Y>94.30205</Y>
      </Start>
      <End>
        <X>245.7519</X>
        <Y>94.30205</Y>
      </End>
    </Points>
  </NodeInfo>
  <NodeInfo name="Transition81" type="Transition">
    <Label>
      <Text></Text>
      <Font>
        <Name>Microsoft Sans Serif</Name>
        <Style>Regular</Style>
        <Size>9</Size>
      </Font>
    </Label>
    <FillColorFrom>-9868951</FillColorFrom>
    <FillColorTo>-9868951</FillColorTo>
    <Border>
      <Color>-16777216</Color>
      <Width>0.3</Width>
    </Border>
    <Location>
      <X>188.2338</X>
      <Y>29.58437</Y>
    </Location>
    <Size>
      <Width>57.82591</Width>
      <Height>0.5999985</Height>
    </Size>
    <Shape>Polyline</Shape>
    <SegmentCount>1</SegmentCount>
    <Anchors>
      <Origin>-1</Origin>
      <Destination>-1</Destination>
    </Anchors>
    <Head>Triangle</Head>
    <Pen>0/#FF000000/0.3/0/0//0/0/10/</Pen>
    <Points>
      <Point>
        <X>188.5338</X>
        <Y>29.88437</Y>
      </Point>
      <Point>
        <X>245.7597</X>
        <Y>29.88437</Y>
      </Point>
      <Start>
        <X>188.5338</X>
        <Y>29.88437</Y>
      </Start>
      <End>
        <X>245.7597</X>
        <Y>29.88437</Y>
      </End>
    </Points>
  </NodeInfo>
  <NodeInfo name="Transition46" type="Transition">
    <Label>
      <Text></Text>
      <Font>
        <Name>Microsoft Sans Serif</Name>
        <Style>Regular</Style>
        <Size>9</Size>
      </Font>
    </Label>
    <FillColorFrom>-9868951</FillColorFrom>
    <FillColorTo>-9868951</FillColorTo>
    <Border>
      <Color>-16777216</Color>
      <Width>0.3</Width>
    </Border>
    <Location>
      <X>108.0813</X>
      <Y>66.76038</Y>
    </Location>
    <Size>
      <Width>0.6000061</Width>
      <Height>16.61234</Height>
    </Size>
    <Shape>Polyline</Shape>
    <SegmentCount>1</SegmentCount>
    <Anchors>
      <Origin>-1</Origin>
      <Destination>-1</Destination>
    </Anchors>
    <Head>Triangle</Head>
    <Pen>0/#FF000000/0.3/0/0//0/0/10/</Pen>
    <Points>
      <Point>
        <X>108.3813</X>
        <Y>67.06039</Y>
      </Point>
      <Point>
        <X>108.3813</X>
        <Y>83.07272</Y>
      </Point>
      <Start>
        <X>108.3813</X>
        <Y>67.06039</Y>
      </Start>
      <End>
        <X>108.3813</X>
        <Y>83.07272</Y>
      </End>
    </Points>
  </NodeInfo>
  <NodeInfo name="Transition115" type="Transition">
    <Label>
      <Text></Text>
      <Font>
        <Name>Microsoft Sans Serif</Name>
        <Style>Regular</Style>
        <Size>9</Size>
      </Font>
    </Label>
    <FillColorFrom>-9868951</FillColorFrom>
    <FillColorTo>-9868951</FillColorTo>
    <Border>
      <Color>-16777216</Color>
      <Width>0.3</Width>
    </Border>
    <Location>
      <X>118.3813</X>
      <Y>60.56039</Y>
    </Location>
    <Size>
      <Width>14.9249</Width>
      <Height>7.629395E-06</Height>
    </Size>
    <Shape>Polyline</Shape>
    <SegmentCount>1</SegmentCount>
    <Anchors>
      <Origin>-1</Origin>
      <Destination>-1</Destination>
    </Anchors>
    <Head>Triangle</Head>
    <Pen>0/#FF000000/0/0/0//0/0/10/</Pen>
    <Points>
      <Point>
        <X>118.3813</X>
        <Y>60.56039</Y>
      </Point>
      <Point>
        <X>133.3062</X>
        <Y>60.5604</Y>
      </Point>
      <Start>
        <X>118.3813</X>
        <Y>60.56039</Y>
      </Start>
      <End>
        <X>133.3062</X>
        <Y>60.5604</Y>
      </End>
    </Points>
  </NodeInfo>
  <NodeInfo name="Transition116" type="Transition">
    <Label>
      <Text></Text>
      <Font>
        <Name>Microsoft Sans Serif</Name>
        <Style>Regular</Style>
        <Size>9</Size>
      </Font>
    </Label>
    <FillColorFrom>-9868951</FillColorFrom>
    <FillColorTo>-9868951</FillColorTo>
    <Border>
      <Color>-16777216</Color>
      <Width>0.3</Width>
    </Border>
    <Location>
      <X>153.1624</X>
      <Y>60.26039</Y>
    </Location>
    <Size>
      <Width>20.1246</Width>
      <Height>0.6000061</Height>
    </Size>
    <Shape>Polyline</Shape>
    <SegmentCount>1</SegmentCount>
    <Anchors>
      <Origin>-1</Origin>
      <Destination>-1</Destination>
    </Anchors>
    <Head>Triangle</Head>
    <Pen>0/#FF000000/0.3/0/0//0/0/10/</Pen>
    <Points>
      <Point>
        <X>153.4624</X>
        <Y>60.5604</Y>
      </Point>
      <Point>
        <X>172.987</X>
        <Y>60.56039</Y>
      </Point>
      <Start>
        <X>153.4624</X>
        <Y>60.5604</Y>
      </Start>
      <End>
        <X>172.987</X>
        <Y>60.56039</Y>
      </End>
    </Points>
  </NodeInfo>
  <NodeInfo name="Transition24" type="Transition">
    <Label>
      <Text></Text>
      <Font>
        <Name>Microsoft Sans Serif</Name>
        <Style>Regular</Style>
        <Size>9</Size>
      </Font>
    </Label>
    <FillColorFrom>-9868951</FillColorFrom>
    <FillColorTo>-9868951</FillColorTo>
    <Border>
      <Color>-16777216</Color>
      <Width>0.3</Width>
    </Border>
    <Location>
      <X>188.2338</X>
      <Y>35.63219</Y>
    </Location>
    <Size>
      <Width>31.78104</Width>
      <Height>20.22821</Height>
    </Size>
    <Shape>Bezier</Shape>
    <SegmentCount>1</SegmentCount>
    <Anchors>
      <Origin>-1</Origin>
      <Destination>-1</Destination>
    </Anchors>
    <Head>Triangle</Head>
    <Pen>0/#FF000000/0.3/0/0//0/0/10/</Pen>
    <Points>
      <Point>
        <X>219.7149</X>
        <Y>55.5604</Y>
      </Point>
      <Point>
        <X>218.3271</X>
        <Y>43.70208</Y>
      </Point>
      <Point>
        <X>199.2771</X>
        <Y>42.37916</Y>
      </Point>
      <Point>
        <X>188.5338</X>
        <Y>35.93219</Y>
      </Point>
      <Start>
        <X>219.7149</X>
        <Y>55.5604</Y>
      </Start>
      <End>
        <X>188.5338</X>
        <Y>35.93219</Y>
      </End>
    </Points>
  </NodeInfo>
  <NodeInfo name="Transition25" type="Transition">
    <Label>
      <Text></Text>
      <Font>
        <Name>Microsoft Sans Serif</Name>
        <Style>Regular</Style>
        <Size>9</Size>
      </Font>
    </Label>
    <FillColorFrom>-9868951</FillColorFrom>
    <FillColorTo>-9868951</FillColorTo>
    <Border>
      <Color>-16777216</Color>
      <Width>0.3</Width>
    </Border>
    <Location>
      <X>184.3099</X>
      <Y>65.26039</Y>
    </Location>
    <Size>
      <Width>34.9019</Width>
      <Height>24.37914</Height>
    </Size>
    <Shape>Bezier</Shape>
    <SegmentCount>1</SegmentCount>
    <Anchors>
      <Origin>-1</Origin>
      <Destination>-1</Destination>
    </Anchors>
    <Head>Triangle</Head>
    <Pen>0/#FF000000/0.3/0/0//0/0/10/</Pen>
    <Points>
      <Point>
        <X>218.9118</X>
        <Y>65.56039</Y>
      </Point>
      <Point>
        <X>214.6229</X>
        <Y>81.00832</Y>
      </Point>
      <Point>
        <X>194.4397</X>
        <Y>81.41315</Y>
      </Point>
      <Point>
        <X>184.6099</X>
        <Y>89.33952</Y>
      </Point>
      <Start>
        <X>218.9118</X>
        <Y>65.56039</Y>
      </Start>
      <End>
        <X>184.6099</X>
        <Y>89.33952</Y>
      </End>
    </Points>
  </NodeInfo>
</Nodes>