<Nodes version="2">
  <NodeInfo name="Workflow" type="Workflow" />
  <NodeInfo name="Start231" type="Start">
    <Label>
      <Text></Text>
      <Font>
        <Name>Microsoft Sans Serif</Name>
        <Style>Regular</Style>
        <Size>9</Size>
      </Font>
      <Size>
        <Width>7</Width>
        <Height>7</Height>
      </Size>
      <Location>
        <X>64.73334</X>
        <Y>82.98957</Y>
      </Location>
      <Alignment>
        <Vertical>Center</Vertical>
        <Horizontal>Center</Horizontal>
      </Alignment>
    </Label>
    <Image></Image>
    <ImageAlign>Center</ImageAlign>
    <FillColorFrom>-4139365</FillColorFrom>
    <FillColorTo>-4139365</FillColorTo>
    <Border>
      <Color>-16777216</Color>
      <Width>0.3</Width>
    </Border>
    <Location>
      <X>64.73334</X>
      <Y>82.98957</Y>
    </Location>
    <Size>
      <Width>7</Width>
      <Height>7</Height>
    </Size>
  </NodeInfo>
  <NodeInfo name="Activity232" type="Activity">
    <Label>
      <Text>Calculate Eligibility Score</Text>
      <Font>
        <Name>Microsoft Sans Serif</Name>
        <Style>Regular</Style>
        <Size>9</Size>
      </Font>
      <Size>
        <Width>15</Width>
        <Height>15</Height>
      </Size>
      <Location>
        <X>112.9552</X>
        <Y>80.32811</Y>
      </Location>
      <Alignment>
        <Vertical>Center</Vertical>
        <Horizontal>Center</Horizontal>
      </Alignment>
    </Label>
    <Image></Image>
    <ImageAlign>Center</ImageAlign>
    <FillColorFrom>-2624513</FillColorFrom>
    <FillColorTo>-2624513</FillColorTo>
    <Border>
      <Color>-16777216</Color>
      <Width>0.3</Width>
    </Border>
    <Location>
      <X>110.1125</X>
      <Y>78.74061</Y>
    </Location>
    <Size>
      <Width>20.15624</Width>
      <Height>15.49792</Height>
    </Size>
  </NodeInfo>
  <NodeInfo name="Decision234" type="Decision">
    <Label>
      <Text></Text>
      <Font>
        <Name>Microsoft Sans Serif</Name>
        <Style>Regular</Style>
        <Size>9</Size>
      </Font>
      <Size>
        <Width>10</Width>
        <Height>10</Height>
      </Size>
      <Location>
        <X>155.3176</X>
        <Y>81.48957</Y>
      </Location>
      <Alignment>
        <Vertical>Center</Vertical>
        <Horizontal>Center</Horizontal>
      </Alignment>
    </Label>
    <Image></Image>
    <ImageAlign>Center</ImageAlign>
    <FillColorFrom>-343921</FillColorFrom>
    <FillColorTo>-343921</FillColorTo>
    <Border>
      <Color>-16777216</Color>
      <Width>0.3</Width>
    </Border>
    <Location>
      <X>154.8489</X>
      <Y>81.48957</Y>
    </Location>
    <Size>
      <Width>10.9375</Width>
      <Height>10</Height>
    </Size>
  </NodeInfo>
  <NodeInfo name="HumanTask236" type="Task">
    <Label>
      <Text>Underwriting Manager's
Decision</Text>
      <Font>
        <Name>Microsoft Sans Serif</Name>
        <Style>Regular</Style>
        <Size>9</Size>
      </Font>
      <Size>
        <Width>20</Width>
        <Height>12.48333</Height>
      </Size>
      <Location>
        <X>192.5167</X>
        <Y>80.11562</Y>
      </Location>
      <Alignment>
        <Vertical>Center</Vertical>
        <Horizontal>Center</Horizontal>
      </Alignment>
    </Label>
    <Image></Image>
    <ImageAlign>Center</ImageAlign>
    <FillColorFrom>-983041</FillColorFrom>
    <FillColorTo>-983041</FillColorTo>
    <Border>
      <Color>-16777216</Color>
      <Width>0.3</Width>
    </Border>
    <Location>
      <X>191.4688</X>
      <Y>80.11562</Y>
    </Location>
    <Size>
      <Width>22.09578</Width>
      <Height>12.74791</Height>
    </Size>
  </NodeInfo>
  <NodeInfo name="Activity238" type="Activity">
    <Label>
      <Text>Notification</Text>
      <Font>
        <Name>Microsoft Sans Serif</Name>
        <Style>Regular</Style>
        <Size>9</Size>
      </Font>
      <Size>
        <Width>18.72084</Width>
        <Height>10</Height>
      </Size>
      <Location>
        <X>151.0843</X>
        <Y>106.2729</Y>
      </Location>
      <Alignment>
        <Vertical>Center</Vertical>
        <Horizontal>Center</Horizontal>
      </Alignment>
    </Label>
    <Image></Image>
    <ImageAlign>Center</ImageAlign>
    <FillColorFrom>-272971</FillColorFrom>
    <FillColorTo>-272971</FillColorTo>
    <Border>
      <Color>-16777216</Color>
      <Width>0.3</Width>
    </Border>
    <Location>
      <X>153.6655</X>
      <Y>105.7437</Y>
    </Location>
    <Size>
      <Width>13.30418</Width>
      <Height>11.0125</Height>
    </Size>
  </NodeInfo>
  <NodeInfo name="Terminate240" type="Terminate">
    <Label>
      <Text></Text>
      <Font>
        <Name>Microsoft Sans Serif</Name>
        <Style>Regular</Style>
        <Size>9</Size>
      </Font>
      <Size>
        <Width>7</Width>
        <Height>7</Height>
      </Size>
      <Location>
        <X>156.8176</X>
        <Y>121.8833</Y>
      </Location>
      <Alignment>
        <Vertical>Center</Vertical>
        <Horizontal>Center</Horizontal>
      </Alignment>
    </Label>
    <Image></Image>
    <ImageAlign>Center</ImageAlign>
    <FillColorFrom>-2517356</FillColorFrom>
    <FillColorTo>-2517356</FillColorTo>
    <Border>
      <Color>-16777216</Color>
      <Width>0.3</Width>
    </Border>
    <Location>
      <X>156.8176</X>
      <Y>121.8833</Y>
    </Location>
    <Size>
      <Width>7</Width>
      <Height>7.000008</Height>
    </Size>
  </NodeInfo>
  <NodeInfo name="Activity292" type="Activity">
    <Label>
      <Text>Calculate Premium</Text>
      <Font>
        <Name>Microsoft Sans Serif</Name>
        <Style>Regular</Style>
        <Size>9</Size>
      </Font>
      <Size>
        <Width>15</Width>
        <Height>15</Height>
      </Size>
      <Location>
        <X>152.8176</X>
        <Y>55.20833</Y>
      </Location>
      <Alignment>
        <Vertical>Center</Vertical>
        <Horizontal>Center</Horizontal>
      </Alignment>
    </Label>
    <Image></Image>
    <ImageAlign>Center</ImageAlign>
    <FillColorFrom>-2624513</FillColorFrom>
    <FillColorTo>-2624513</FillColorTo>
    <Border>
      <Color>-16777216</Color>
      <Width>0.3</Width>
    </Border>
    <Location>
      <X>150.2395</X>
      <Y>55.20833</Y>
    </Location>
    <Size>
      <Width>20.15624</Width>
      <Height>15.49792</Height>
    </Size>
  </NodeInfo>
  <NodeInfo name="End296" type="End">
    <Label>
      <Text></Text>
      <Font>
        <Name>Microsoft Sans Serif</Name>
        <Style>Regular</Style>
        <Size>9</Size>
      </Font>
      <Size>
        <Width>7</Width>
        <Height>7</Height>
      </Size>
      <Location>
        <X>156.8176</X>
        <Y>16.31458</Y>
      </Location>
      <Alignment>
        <Vertical>Center</Vertical>
        <Horizontal>Center</Horizontal>
      </Alignment>
    </Label>
    <Image></Image>
    <ImageAlign>Center</ImageAlign>
    <FillColorFrom>-2517356</FillColorFrom>
    <FillColorTo>-2517356</FillColorTo>
    <Border>
      <Color>-16777216</Color>
      <Width>0.3</Width>
    </Border>
    <Location>
      <X>156.8176</X>
      <Y>16.31458</Y>
    </Location>
    <Size>
      <Width>7</Width>
      <Height>7.000002</Height>
    </Size>
  </NodeInfo>
  <NodeInfo name="Activity75" type="Activity">
    <Label>
      <Text>Apply Discount</Text>
      <Font>
        <Name>Microsoft Sans Serif</Name>
        <Style>Regular</Style>
        <Size>9</Size>
      </Font>
      <Size>
        <Width>15</Width>
        <Height>15</Height>
      </Size>
      <Location>
        <X>152.8176</X>
        <Y>28.79583</Y>
      </Location>
      <Alignment>
        <Vertical>Center</Vertical>
        <Horizontal>Center</Horizontal>
      </Alignment>
    </Label>
    <Image></Image>
    <ImageAlign>Center</ImageAlign>
    <FillColorFrom>-2624513</FillColorFrom>
    <FillColorTo>-2624513</FillColorTo>
    <Border>
      <Color>-16777216</Color>
      <Width>0.3</Width>
    </Border>
    <Location>
      <X>150.2395</X>
      <Y>28.79583</Y>
    </Location>
    <Size>
      <Width>20.15624</Width>
      <Height>15.49792</Height>
    </Size>
  </NodeInfo>
  <NodeInfo name="Transition235" type="Transition">
    <Label>
      <Text></Text>
      <Font>
        <Name>Microsoft Sans Serif</Name>
        <Style>Regular</Style>
        <Size>9</Size>
      </Font>
    </Label>
    <FillColorFrom>-9868951</FillColorFrom>
    <FillColorTo>-9868951</FillColorTo>
    <Border>
      <Color>-16777216</Color>
      <Width>0.3</Width>
    </Border>
    <Location>
      <X>129.9687</X>
      <Y>86.18956</Y>
    </Location>
    <Size>
      <Width>25.18019</Width>
      <Height>0.6000137</Height>
    </Size>
    <Shape>Polyline</Shape>
    <SegmentCount>1</SegmentCount>
    <Anchors>
      <Origin>-1</Origin>
      <Destination>-1</Destination>
    </Anchors>
    <Head>Triangle</Head>
    <Pen>0/#FF000000/0.3/0/0//0/0/10/</Pen>
    <Points>
      <Point>
        <X>130.2687</X>
        <Y>86.48956</Y>
      </Point>
      <Point>
        <X>154.8489</X>
        <Y>86.48957</Y>
      </Point>
      <Start>
        <X>130.2687</X>
        <Y>86.48956</Y>
      </Start>
      <End>
        <X>154.8489</X>
        <Y>86.48957</Y>
      </End>
    </Points>
  </NodeInfo>
  <NodeInfo name="Transition237" type="Transition">
    <Label>
      <Text></Text>
      <Font>
        <Name>Microsoft Sans Serif</Name>
        <Style>Regular</Style>
        <Size>9</Size>
      </Font>
    </Label>
    <FillColorFrom>-9868951</FillColorFrom>
    <FillColorTo>-9868951</FillColorTo>
    <Border>
      <Color>-16777216</Color>
      <Width>0.3</Width>
    </Border>
    <Location>
      <X>165.4864</X>
      <Y>86.18957</Y>
    </Location>
    <Size>
      <Width>26.28241</Width>
      <Height>0.6000061</Height>
    </Size>
    <Shape>Polyline</Shape>
    <SegmentCount>1</SegmentCount>
    <Anchors>
      <Origin>-1</Origin>
      <Destination>-1</Destination>
    </Anchors>
    <Head>Triangle</Head>
    <Pen>0/#FF000000/0.3/0/0//0/0/10/</Pen>
    <Points>
      <Point>
        <X>165.7864</X>
        <Y>86.48957</Y>
      </Point>
      <Point>
        <X>191.4688</X>
        <Y>86.48957</Y>
      </Point>
      <Start>
        <X>165.7864</X>
        <Y>86.48957</Y>
      </Start>
      <End>
        <X>191.4688</X>
        <Y>86.48957</Y>
      </End>
    </Points>
  </NodeInfo>
  <NodeInfo name="Transition239" type="Transition">
    <Label>
      <Text>Eligibility Score &gt; 250</Text>
      <Font>
        <Name>Microsoft Sans Serif</Name>
        <Style>Regular</Style>
        <Size>9</Size>
      </Font>
    </Label>
    <FillColorFrom>-9868951</FillColorFrom>
    <FillColorTo>-9868951</FillColorTo>
    <Border>
      <Color>-16777216</Color>
      <Width>0.3</Width>
    </Border>
    <Location>
      <X>160.3176</X>
      <Y>91.48958</Y>
    </Location>
    <Size>
      <Width>3.051758E-05</Width>
      <Height>14.25412</Height>
    </Size>
    <Shape>Polyline</Shape>
    <SegmentCount>1</SegmentCount>
    <Anchors>
      <Origin>-1</Origin>
      <Destination>-1</Destination>
    </Anchors>
    <Head>Triangle</Head>
    <Pen>0/#FF000000/0/0/0//0/0/10/</Pen>
    <Points>
      <Point>
        <X>160.3176</X>
        <Y>91.48958</Y>
      </Point>
      <Point>
        <X>160.3176</X>
        <Y>105.7437</Y>
      </Point>
      <Start>
        <X>160.3176</X>
        <Y>91.48958</Y>
      </Start>
      <End>
        <X>160.3176</X>
        <Y>105.7437</Y>
      </End>
    </Points>
  </NodeInfo>
  <NodeInfo name="Transition293" type="Transition">
    <Label>
      <Text>Eligibility Score &lt; 100</Text>
      <Font>
        <Name>Microsoft Sans Serif</Name>
        <Style>Regular</Style>
        <Size>9</Size>
      </Font>
    </Label>
    <FillColorFrom>-9868951</FillColorFrom>
    <FillColorTo>-9868951</FillColorTo>
    <Border>
      <Color>-16777216</Color>
      <Width>0.3</Width>
    </Border>
    <Location>
      <X>160.3176</X>
      <Y>70.70625</Y>
    </Location>
    <Size>
      <Width>1.525879E-05</Width>
      <Height>10.78332</Height>
    </Size>
    <Shape>Polyline</Shape>
    <SegmentCount>1</SegmentCount>
    <Anchors>
      <Origin>-1</Origin>
      <Destination>-1</Destination>
    </Anchors>
    <Head>Triangle</Head>
    <Pen>0/#FF000000/0/0/0//0/0/10/</Pen>
    <Points>
      <Point>
        <X>160.3176</X>
        <Y>81.48956</Y>
      </Point>
      <Point>
        <X>160.3176</X>
        <Y>70.70625</Y>
      </Point>
      <Start>
        <X>160.3176</X>
        <Y>81.48956</Y>
      </Start>
      <End>
        <X>160.3176</X>
        <Y>70.70625</Y>
      </End>
    </Points>
  </NodeInfo>
  <NodeInfo name="Transition294" type="Transition">
    <Label>
      <Text>Eligible</Text>
      <Font>
        <Name>Microsoft Sans Serif</Name>
        <Style>Regular</Style>
        <Size>9</Size>
      </Font>
    </Label>
    <FillColorFrom>-9868951</FillColorFrom>
    <FillColorTo>-9868951</FillColorTo>
    <Border>
      <Color>-16777216</Color>
      <Width>0.3</Width>
    </Border>
    <Location>
      <X>170.0957</X>
      <Y>65.36164</Y>
    </Location>
    <Size>
      <Width>21.67308</Width>
      <Height>15.56039</Height>
    </Size>
    <Shape>Bezier</Shape>
    <SegmentCount>1</SegmentCount>
    <Anchors>
      <Origin>-1</Origin>
      <Destination>-1</Destination>
    </Anchors>
    <Head>Triangle</Head>
    <Pen>0/#FF000000/0.3/0/0//0/0/10/</Pen>
    <Points>
      <Point>
        <X>191.4688</X>
        <Y>80.62202</Y>
      </Point>
      <Point>
        <X>182.7257</X>
        <Y>75.97855</Y>
      </Point>
      <Point>
        <X>183.9312</X>
        <Y>69.29374</Y>
      </Point>
      <Point>
        <X>170.3957</X>
        <Y>65.66164</Y>
      </Point>
      <Start>
        <X>191.4688</X>
        <Y>80.62202</Y>
      </Start>
      <End>
        <X>170.3957</X>
        <Y>65.66164</Y>
      </End>
    </Points>
  </NodeInfo>
  <NodeInfo name="Transition295" type="Transition">
    <Label>
      <Text>


Not Eligible</Text>
      <Font>
        <Name>Microsoft Sans Serif</Name>
        <Style>Regular</Style>
        <Size>9</Size>
      </Font>
    </Label>
    <FillColorFrom>-9868951</FillColorFrom>
    <FillColorTo>-9868951</FillColorTo>
    <Border>
      <Color>-16777216</Color>
      <Width>0.3</Width>
    </Border>
    <Location>
      <X>166.6697</X>
      <Y>92.29871</Y>
    </Location>
    <Size>
      <Width>25.09914</Width>
      <Height>17.53497</Height>
    </Size>
    <Shape>Bezier</Shape>
    <SegmentCount>1</SegmentCount>
    <Anchors>
      <Origin>-1</Origin>
      <Destination>-1</Destination>
    </Anchors>
    <Head>Triangle</Head>
    <Pen>0/#FF000000/0.3/0/0//0/0/10/</Pen>
    <Points>
      <Point>
        <X>191.4688</X>
        <Y>92.59871</Y>
      </Point>
      <Point>
        <X>182.4431</X>
        <Y>97.58965</Y>
      </Point>
      <Point>
        <X>185.5187</X>
        <Y>104.7479</Y>
      </Point>
      <Point>
        <X>166.9697</X>
        <Y>109.5337</Y>
      </Point>
      <Start>
        <X>191.4688</X>
        <Y>92.59871</Y>
      </Start>
      <End>
        <X>166.9697</X>
        <Y>109.5337</Y>
      </End>
    </Points>
  </NodeInfo>
  <NodeInfo name="Transition241" type="Transition">
    <Label>
      <Text></Text>
      <Font>
        <Name>Microsoft Sans Serif</Name>
        <Style>Regular</Style>
        <Size>9</Size>
      </Font>
    </Label>
    <FillColorFrom>-9868951</FillColorFrom>
    <FillColorTo>-9868951</FillColorTo>
    <Border>
      <Color>-16777216</Color>
      <Width>0.3</Width>
    </Border>
    <Location>
      <X>159.9965</X>
      <Y>116.4562</Y>
    </Location>
    <Size>
      <Width>0.6210632</Width>
      <Height>5.791748</Height>
    </Size>
    <Shape>Polyline</Shape>
    <SegmentCount>1</SegmentCount>
    <Anchors>
      <Origin>-1</Origin>
      <Destination>-1</Destination>
    </Anchors>
    <Head>Triangle</Head>
    <Pen>0/#FF000000/0.3/0/0//0/0/10/</Pen>
    <Points>
      <Point>
        <X>160.2965</X>
        <Y>116.7562</Y>
      </Point>
      <Point>
        <X>160.3176</X>
        <Y>121.9479</Y>
      </Point>
      <Start>
        <X>160.2965</X>
        <Y>116.7562</Y>
      </Start>
      <End>
        <X>160.3176</X>
        <Y>121.9479</Y>
      </End>
    </Points>
  </NodeInfo>
  <NodeInfo name="Transition297" type="Transition">
    <Label>
      <Text></Text>
      <Font>
        <Name>Microsoft Sans Serif</Name>
        <Style>Regular</Style>
        <Size>9</Size>
      </Font>
    </Label>
    <FillColorFrom>-9868951</FillColorFrom>
    <FillColorTo>-9868951</FillColorTo>
    <Border>
      <Color>-16777216</Color>
      <Width>0.3</Width>
    </Border>
    <Location>
      <X>160.0042</X>
      <Y>43.99375</Y>
    </Location>
    <Size>
      <Width>0.6133881</Width>
      <Height>11.51458</Height>
    </Size>
    <Shape>Polyline</Shape>
    <SegmentCount>1</SegmentCount>
    <Anchors>
      <Origin>-1</Origin>
      <Destination>-1</Destination>
    </Anchors>
    <Head>Triangle</Head>
    <Pen>0/#FF000000/0.3/0/0//0/0/10/</Pen>
    <Points>
      <Point>
        <X>160.3042</X>
        <Y>55.20833</Y>
      </Point>
      <Point>
        <X>160.3176</X>
        <Y>44.29375</Y>
      </Point>
      <Start>
        <X>160.3042</X>
        <Y>55.20833</Y>
      </Start>
      <End>
        <X>160.3176</X>
        <Y>44.29375</Y>
      </End>
    </Points>
  </NodeInfo>
  <NodeInfo name="Transition77" type="Transition">
    <Label>
      <Text></Text>
      <Font>
        <Name>Microsoft Sans Serif</Name>
        <Style>Regular</Style>
        <Size>9</Size>
      </Font>
    </Label>
    <FillColorFrom>-9868951</FillColorFrom>
    <FillColorTo>-9868951</FillColorTo>
    <Border>
      <Color>-16777216</Color>
      <Width>0.3</Width>
    </Border>
    <Location>
      <X>160.0047</X>
      <Y>23.05901</Y>
    </Location>
    <Size>
      <Width>0.6129608</Width>
      <Height>6.036818</Height>
    </Size>
    <Shape>Polyline</Shape>
    <SegmentCount>1</SegmentCount>
    <Anchors>
      <Origin>-1</Origin>
      <Destination>-1</Destination>
    </Anchors>
    <Head>Triangle</Head>
    <Pen>0/#FF000000/0.3/0/0//0/0/10/</Pen>
    <Points>
      <Point>
        <X>160.3176</X>
        <Y>28.79583</Y>
      </Point>
      <Point>
        <X>160.3047</X>
        <Y>23.35901</Y>
      </Point>
      <Start>
        <X>160.3176</X>
        <Y>28.79583</Y>
      </Start>
      <End>
        <X>160.3047</X>
        <Y>23.35901</Y>
      </End>
    </Points>
  </NodeInfo>
  <NodeInfo name="Activity42" type="Activity">
    <Label>
      <Text>Input 
Data
Validation</Text>
      <Font>
        <Name>Microsoft Sans Serif</Name>
        <Style>Regular</Style>
        <Size>9</Size>
      </Font>
      <Size>
        <Width>20</Width>
        <Height>13</Height>
      </Size>
      <Location>
        <X>81.97708</X>
        <Y>79.98957</Y>
      </Location>
      <Alignment>
        <Vertical>Center</Vertical>
        <Horizontal>Center</Horizontal>
      </Alignment>
    </Label>
    <Image></Image>
    <ImageAlign>Center</ImageAlign>
    <FillColorFrom>-3942757</FillColorFrom>
    <FillColorTo>-3942757</FillColorTo>
    <Border>
      <Color>-16777216</Color>
      <Width>0.3</Width>
    </Border>
    <Location>
      <X>80.91875</X>
      <Y>79.98957</Y>
    </Location>
    <Size>
      <Width>20</Width>
      <Height>13</Height>
    </Size>
  </NodeInfo>
  <NodeInfo name="Transition43" type="Transition">
    <Label>
      <Text></Text>
      <Font>
        <Name>Microsoft Sans Serif</Name>
        <Style>Regular</Style>
        <Size>9</Size>
      </Font>
    </Label>
    <FillColorFrom>-9868951</FillColorFrom>
    <FillColorTo>-9868951</FillColorTo>
    <Border>
      <Color>-16777216</Color>
      <Width>0.3</Width>
    </Border>
    <Location>
      <X>71.7481</X>
      <Y>86.48957</Y>
    </Location>
    <Size>
      <Width>11.97064</Width>
      <Height>0</Height>
    </Size>
    <Shape>Polyline</Shape>
    <SegmentCount>1</SegmentCount>
    <Anchors>
      <Origin>-1</Origin>
      <Destination>-1</Destination>
    </Anchors>
    <Head>Triangle</Head>
    <Points>
      <Point>
        <X>71.7481</X>
        <Y>86.48957</Y>
      </Point>
      <Point>
        <X>83.71874</X>
        <Y>86.48957</Y>
      </Point>
      <Start>
        <X>71.7481</X>
        <Y>86.48957</Y>
      </Start>
      <End>
        <X>83.71874</X>
        <Y>86.48957</Y>
      </End>
    </Points>
  </NodeInfo>
  <NodeInfo name="Transition44" type="Transition">
    <Label>
      <Text></Text>
      <Font>
        <Name>Microsoft Sans Serif</Name>
        <Style>Regular</Style>
        <Size>9</Size>
      </Font>
    </Label>
    <FillColorFrom>-9868951</FillColorFrom>
    <FillColorTo>-9868951</FillColorTo>
    <Border>
      <Color>-16777216</Color>
      <Width>0.3</Width>
    </Border>
    <Location>
      <X>100.9187</X>
      <Y>86.48958</Y>
    </Location>
    <Size>
      <Width>9.193733</Width>
      <Height>0</Height>
    </Size>
    <Shape>Polyline</Shape>
    <SegmentCount>1</SegmentCount>
    <Anchors>
      <Origin>-1</Origin>
      <Destination>-1</Destination>
    </Anchors>
    <Head>Triangle</Head>
    <Pen>0/#FF000000/0/0/0//0/0/10/</Pen>
    <Points>
      <Point>
        <X>100.9187</X>
        <Y>86.48958</Y>
      </Point>
      <Point>
        <X>110.1125</X>
        <Y>86.48958</Y>
      </Point>
      <Start>
        <X>100.9187</X>
        <Y>86.48958</Y>
      </Start>
      <End>
        <X>110.1125</X>
        <Y>86.48958</Y>
      </End>
    </Points>
  </NodeInfo>
  <NodeInfo name="Terminate45" type="Terminate">
    <Label>
      <Text></Text>
      <Font>
        <Name>Microsoft Sans Serif</Name>
        <Style>Regular</Style>
        <Size>9</Size>
      </Font>
      <Size>
        <Width>7</Width>
        <Height>7</Height>
      </Size>
      <Location>
        <X>87.41875</X>
        <Y>108.9646</Y>
      </Location>
      <Alignment>
        <Vertical>Center</Vertical>
        <Horizontal>Center</Horizontal>
      </Alignment>
    </Label>
    <Image></Image>
    <ImageAlign>Center</ImageAlign>
    <FillColorFrom>-2517356</FillColorFrom>
    <FillColorTo>-2517356</FillColorTo>
    <Border>
      <Color>-16777216</Color>
      <Width>0.3</Width>
    </Border>
    <Location>
      <X>87.41875</X>
      <Y>108.9646</Y>
    </Location>
    <Size>
      <Width>7</Width>
      <Height>7</Height>
    </Size>
  </NodeInfo>
  <NodeInfo name="Transition46" type="Transition">
    <Label>
      <Text></Text>
      <Font>
        <Name>Microsoft Sans Serif</Name>
        <Style>Regular</Style>
        <Size>9</Size>
      </Font>
    </Label>
    <FillColorFrom>-9868951</FillColorFrom>
    <FillColorTo>-9868951</FillColorTo>
    <Border>
      <Color>-16777216</Color>
      <Width>0.3</Width>
    </Border>
    <Location>
      <X>90.91879</X>
      <Y>92.98957</Y>
    </Location>
    <Size>
      <Width>0.0002059937</Width>
      <Height>16.01383</Height>
    </Size>
    <Shape>Polyline</Shape>
    <SegmentCount>1</SegmentCount>
    <Anchors>
      <Origin>-1</Origin>
      <Destination>-1</Destination>
    </Anchors>
    <Head>Triangle</Head>
    <Points>
      <Point>
        <X>90.919</X>
        <Y>92.98957</Y>
      </Point>
      <Point>
        <X>90.91879</X>
        <Y>109.0034</Y>
      </Point>
      <Start>
        <X>90.919</X>
        <Y>92.98957</Y>
      </Start>
      <End>
        <X>90.91879</X>
        <Y>109.0034</Y>
      </End>
    </Points>
  </NodeInfo>
</Nodes>